Year,Afghanistan,Albania,Algeria,Andorra,Angola,Anguilla,Antigua and Barbuda,Argentina,Armenia,Aruba,Australia,Austria,Azerbaijan,Bahamas,Bahrain,Bangladesh,Barbados,Belarus,Belgium,Belize,Benin,Bermuda,Bhutan,"Bonaire, Saint Eustatius and Saba",Bosnia and Herzegovina,Botswana,Brazil,British Virgin Islands,Brunei Darussalam,Bulgaria,Burkina Faso,Burundi,Cambodia,Canada,Cape Verde,Central African Republic,Chad,Chile,China,Colombia,Comoros,Congo,Cook Islands,Costa Rica,C™te d'Ivoire,Croatia,Cuba,Curaao,Cyprus,Czech Republic,North Korea,Democratic Republic of the Congo,Denmark,Djibouti,Dominica,Dominican Republic,Ecuador,Egypt,El Salvador,Equatorial Guinea,Eritrea,Estonia,Ethiopia,Faeroe Islands,Micronesia (Federated States of),Fiji,Finland,France,French Guiana,French Polynesia,Gabon,Gambia,Georgia,Germany,Ghana,Greece,Greenland,Grenada,Guadeloupe,Guatemala,Guinea,Guinea-Bissau,Guyana,Haiti,Honduras,Hong Kong,Hungary,Iceland,India,Indonesia,Iraq,Ireland,Iran,Israel,Italy,Jamaica,Japan,Jordan,Kazakhstan,Kenya,Kiribati,Kosovo,Kuwait,Kyrgyzstan,Laos,Latvia,Lebanon,Lesotho,Liberia,Libya,Liechtenstein,Lithuania,Luxembourg,Macao,North Macedonia,Madagascar,Malawi,Malaysia,Maldives,Mali,Malta,Marshall Islands,Martinique,Mauritania,Mauritius,Mayotte,Mexico,Mongolia,Montenegro,Montserrat,Morocco,Mozambique,Myanmar,Namibia,Nauru,Nepal,Netherlands,New Caledonia,New Zealand,Nicaragua,Niger,Nigeria,Niue,Norway,Occupied Palestinian Territory,Oman,Pakistan,Palau,Panama,Papua New Guinea,Paraguay,Peru,Philippines,Bolivia,Poland,Portugal,Qatar,Cameroon,South Korea,Moldova,South Sudan,Sudan,RŽunion,Romania,Russia,Rwanda,Saint Helena,Saint Lucia,Sint Maarten (Dutch part),Samoa,Sao Tome and Principe,Saudi Arabia,Senegal,Serbia,Seychelles,Sierra Leone,Singapore,Slovakia,Slovenia,Solomon Islands,Somalia,South Africa,Spain,Sri Lanka,Saint Kitts and Nevis,Saint Pierre and Miquelon,Saint Vincent and the Grenadines,Suriname,Swaziland,Sweden,Switzerland,Syria,Taiwan,Tajikistan,Thailand,Timor-Leste,Togo,Tonga,Trinidad and Tobago,Tunisia,Turkey,Turkmenistan,Turks and Caicos Islands,Tuvalu,Uganda,Ukraine,United Arab Emirates,United Kingdom,Tanzania,USA,Uruguay,Uzbekistan,Vanuatu,Venezuela,Viet Nam,Wallis and Futuna Islands,Yemen,Zambia,Zimbabwe,KP Annex B,Non KP Annex B,OECD,Non-OECD,EU27,Africa,Asia,Central America,Europe,Middle East,North America,Oceania,South America,Bunkers,Statistical Difference,World,,
1990,0.55,1.51,20.94,0.11,1.39,0.01,0.06,30.59,2.44,0.13,75.92,16.96,14.01,0.55,3.39,3.84,0.29,29.57,32.83,0.09,0.16,0.14,0.04,0.02,5.30,0.74,59.68,0.02,1.69,20.93,0.16,0.06,0.34,125.06,0.05,0.05,0.10,8.98,678.18,15.53,0.02,0.28,0.01,0.80,1.31,6.27,8.09,1.31,1.27,44.82,32.31,1.16,14.62,0.08,0.02,2.44,4.49,20.53,0.68,0.02,,10.08,0.82,0.19,,0.22,15.53,107.38,0.20,0.12,1.22,0.05,4.35,287.11,1.03,22.77,0.17,0.03,0.36,1.36,0.27,0.05,0.31,0.27,0.68,7.41,19.99,0.60,157.75,39.52,13.39,8.99,57.30,9.78,119.96,2.05,316.08,2.86,76.09,1.55,0.01,,10.32,5.27,0.14,5.37,2.15,0.40,0.13,9.97,0.05,9.76,3.23,0.28,3.87,0.25,0.20,14.81,0.05,0.12,0.65,,0.47,0.23,0.40,0.02,86.53,2.67,0.52,0.01,6.09,0.27,1.16,,0.03,0.20,44.16,0.43,6.96,0.56,0.16,10.61,0.00,9.58,0.24,3.06,18.51,,0.72,0.59,0.58,5.84,11.29,2.73,102.84,12.37,3.11,0.71,68.37,9.97,0.12,1.30,0.34,47.34,691.83,0.14,0.00,0.05,0.16,0.02,0.01,56.90,0.86,15.41,0.04,0.14,11.88,16.78,4.12,0.04,0.20,85.41,63.14,1.05,0.03,0.03,0.02,0.47,0.26,15.72,12.05,10.11,33.86,3.29,23.66,,0.27,0.02,4.63,3.58,41.39,8.54,0.02,0.00,0.21,192.64,14.11,164.29,0.58,1398.06,1.08,28.21,0.02,33.25,5.81,0.01,2.60,0.66,4.24,4046.19,2014.70,3287.04,2773.85,1054.99,179.94,1574.26,26.05,2192.49,230.71,1609.85,83.88,163.73,150.21,0.00,6211.10,,
1991,0.52,1.17,21.51,0.11,1.38,0.01,0.06,32.07,1.98,0.15,76.29,17.94,13.63,0.55,3.24,4.02,0.33,28.40,33.67,0.11,0.17,0.15,0.05,0.02,3.75,0.72,62.61,0.02,1.45,16.79,0.17,0.07,0.36,122.81,0.05,0.05,0.11,8.45,711.27,15.46,0.02,0.30,0.01,0.90,1.18,4.64,7.42,1.04,1.40,40.63,30.79,0.85,17.52,0.08,0.02,2.60,4.41,21.10,0.86,0.02,,9.32,0.81,0.18,,0.18,15.06,114.18,0.22,0.12,1.23,0.05,4.33,276.70,1.15,22.76,0.17,0.03,0.39,1.35,0.28,0.05,0.30,0.27,0.69,7.77,19.01,0.57,167.95,47.73,12.33,9.19,60.54,9.87,119.84,2.12,319.26,2.70,73.55,1.29,0.01,,4.07,4.35,0.15,4.89,2.21,0.42,0.10,11.63,0.06,10.33,3.40,0.30,2.74,0.28,0.21,17.95,0.04,0.12,0.61,,0.44,0.24,0.42,0.02,90.10,3.26,0.37,0.01,6.47,0.26,1.13,0.29,0.03,0.28,46.46,0.48,7.15,0.54,0.16,11.44,0.00,9.15,0.24,3.16,18.42,,0.85,0.59,0.57,5.67,11.86,2.86,102.03,12.87,4.74,0.73,75.24,8.06,0.11,1.22,0.45,38.73,656.53,0.13,0.00,0.05,0.12,0.03,0.01,78.75,0.92,10.91,0.05,0.16,12.07,14.54,3.81,0.04,0.19,88.98,65.80,1.13,0.03,0.03,0.02,0.55,0.24,15.82,12.59,11.52,36.46,2.66,25.95,,0.29,0.02,4.63,4.19,43.16,8.91,0.02,0.00,0.21,172.64,15.47,166.32,0.62,1382.37,1.24,28.04,0.02,31.40,5.83,0.01,2.49,0.65,4.23,3961.67,2233.63,3283.88,2911.41,1037.95,188.03,1639.31,25.77,2111.51,254.50,1595.47,84.45,165.81,148.81,130.44,6344.11,,
1992,0.40,0.69,21.80,0.11,1.41,0.02,0.06,33.09,1.60,0.15,77.65,16.44,15.33,0.51,2.97,4.20,0.27,25.51,33.43,0.10,0.18,0.13,0.06,0.01,4.10,0.76,63.76,0.02,1.42,15.66,0.17,0.06,0.37,126.57,0.05,0.05,0.11,8.73,745.30,16.78,0.02,0.35,0.01,1.02,1.05,4.47,5.62,0.86,1.51,39.77,26.74,0.77,15.94,0.08,0.02,2.84,5.99,21.82,0.91,0.02,,6.67,0.80,0.18,0.04,0.20,14.81,110.98,0.22,0.11,1.34,0.05,4.17,263.52,1.00,23.19,0.16,0.03,0.39,1.62,0.29,0.05,0.28,0.24,0.77,8.98,16.94,0.61,178.89,54.43,16.07,9.14,61.94,11.49,119.90,2.10,321.92,3.27,66.93,1.47,0.01,,8.09,3.02,0.16,3.87,2.65,0.43,0.11,10.10,0.06,5.79,3.33,0.30,3.00,0.27,0.21,19.91,0.06,0.13,0.63,0.02,0.48,0.25,0.47,0.02,90.82,2.99,0.40,0.01,6.75,0.28,1.32,0.31,0.03,0.34,46.40,0.43,7.69,0.65,0.14,12.63,0.00,9.40,0.25,3.25,19.65,0.05,1.12,0.60,0.70,5.73,13.18,3.01,99.55,13.91,7.31,0.74,81.85,5.73,0.10,1.09,0.49,35.89,536.47,0.13,0.00,0.06,0.10,0.03,0.01,86.29,0.93,11.92,0.05,0.09,12.95,13.34,3.79,0.04,0.19,82.24,68.21,1.39,0.03,0.03,0.02,0.55,0.23,15.74,12.56,11.62,38.81,1.99,28.64,,0.28,0.02,5.21,4.06,44.78,8.73,0.02,0.00,0.22,160.77,15.76,162.08,0.59,1412.45,1.40,30.29,0.02,28.81,5.86,0.01,2.69,0.66,4.56,3828.92,2182.02,3303.62,2707.32,1002.83,182.48,1702.78,25.37,1936.42,278.43,1630.04,86.36,169.07,151.73,0.00,6162.67,,
1993,0.41,0.64,22.36,0.11,1.57,0.02,0.06,32.14,0.70,0.18,78.84,16.56,13.21,0.48,3.99,4.38,0.30,21.99,33.14,0.10,0.22,0.15,0.05,0.02,3.43,0.87,66.68,0.02,1.36,15.95,0.17,0.06,0.38,126.72,0.05,0.05,0.11,9.27,797.39,17.29,0.02,0.32,0.01,1.06,1.39,4.59,5.41,1.32,1.57,38.24,24.45,0.73,16.55,0.08,0.02,3.06,6.57,25.19,1.09,0.02,,5.31,0.82,0.16,0.04,0.20,15.37,105.92,0.24,0.12,1.36,0.06,2.71,260.87,1.18,23.00,0.15,0.03,0.43,1.52,0.30,0.05,0.29,0.19,0.80,9.49,17.30,0.65,184.85,58.71,17.23,9.20,64.30,12.07,117.80,2.18,320.00,3.21,59.49,1.70,0.01,,13.41,2.32,0.17,3.25,2.83,0.45,0.12,10.56,0.06,4.46,3.37,0.32,2.76,0.27,0.24,23.67,0.05,0.14,0.78,0.02,0.52,0.25,0.48,0.02,92.27,2.51,0.35,0.01,7.31,0.33,1.45,0.38,0.03,0.38,46.45,0.50,7.58,0.62,0.16,12.23,0.00,9.83,0.26,3.61,21.06,0.05,1.03,0.60,0.80,6.52,13.35,3.15,99.74,13.51,8.37,0.78,90.11,4.32,0.07,0.75,0.49,33.37,509.26,0.13,0.00,0.06,0.16,0.03,0.01,92.97,0.97,10.40,0.05,0.09,13.55,12.65,3.89,0.05,0.17,87.43,65.86,1.36,0.03,0.02,0.03,0.56,0.19,15.75,11.90,12.34,41.98,1.41,33.18,,0.29,0.02,4.75,4.46,46.71,7.51,0.02,0.00,0.22,139.25,17.89,158.19,0.66,1439.51,1.21,31.55,0.02,33.83,6.24,0.01,2.35,0.67,4.38,3783.89,2289.61,3324.13,2749.38,984.45,193.43,1770.35,25.67,1857.76,301.55,1658.67,87.52,178.54,152.73,0.00,6226.23,,
1994,0.40,0.53,23.51,0.11,1.05,0.02,0.06,33.36,0.74,0.18,80.16,16.66,11.45,0.48,4.03,4.79,0.20,18.53,34.06,0.10,0.25,0.15,0.06,0.02,0.87,0.83,69.32,0.03,1.28,15.39,0.18,0.06,0.39,130.66,0.05,0.06,0.11,10.24,846.07,18.23,0.02,0.48,0.01,1.42,1.13,4.38,5.84,1.27,1.64,36.21,22.27,0.46,17.66,0.08,0.02,3.22,3.70,23.08,1.23,0.02,0.20,5.47,0.60,0.16,0.04,0.20,16.85,104.23,0.21,0.12,1.19,0.06,1.66,256.41,1.39,23.59,0.14,0.04,0.46,1.84,0.31,0.05,0.40,0.05,0.88,8.48,16.86,0.64,195.49,59.58,19.40,9.51,72.00,12.96,116.21,2.23,335.02,3.62,50.31,1.75,0.01,,15.07,1.68,0.17,2.83,3.03,0.46,0.12,11.94,0.05,4.31,3.15,0.35,2.88,0.34,0.24,24.74,0.05,0.15,0.72,0.02,0.55,0.26,0.44,0.03,95.94,2.15,0.34,0.01,7.68,0.29,1.69,0.43,0.03,0.44,46.61,0.54,7.61,0.69,0.16,9.53,0.00,10.35,0.26,4.11,22.93,0.05,1.14,0.60,0.93,6.48,14.77,3.43,98.40,13.72,8.27,0.78,97.08,3.39,0.09,1.03,0.52,32.90,449.49,0.13,0.00,0.07,0.15,0.03,0.01,89.56,1.05,10.11,0.06,0.10,16.40,11.94,3.99,0.05,0.17,92.41,69.27,1.48,0.03,0.02,0.03,0.56,0.29,16.43,11.65,12.61,43.99,0.64,36.56,,0.27,0.03,4.65,4.31,45.73,9.13,0.02,0.00,0.19,114.43,19.82,156.66,0.56,1464.40,1.10,29.47,0.02,35.35,7.14,0.01,2.45,0.65,4.75,3738.18,2370.61,3376.33,2732.45,979.41,196.36,1849.43,27.08,1759.60,312.92,1691.16,88.93,183.31,160.19,0.00,6268.97,,
1995,0.39,0.57,25.92,0.12,2.99,0.02,0.06,34.87,0.94,0.19,83.24,17.47,9.09,0.50,4.04,5.74,0.22,16.62,34.37,0.10,0.26,0.15,0.06,0.02,0.93,0.83,73.33,0.03,1.31,15.82,0.17,0.07,0.41,134.11,0.05,0.06,0.12,11.21,916.46,16.04,0.02,0.32,0.01,1.31,1.67,4.59,6.23,1.26,1.60,35.92,20.76,0.57,16.82,0.09,0.02,4.12,6.19,25.90,1.36,0.02,0.22,4.93,0.68,0.16,0.05,0.20,15.86,105.42,0.20,0.12,1.26,0.06,0.63,256.17,1.41,23.73,0.15,0.04,0.48,1.93,0.32,0.05,0.43,0.24,1.05,8.53,16.76,0.67,207.82,60.70,20.22,9.79,74.12,13.61,122.77,2.50,338.40,3.60,48.33,2.02,0.01,,14.90,1.23,0.18,2.49,3.34,0.47,0.12,12.47,0.06,4.12,2.50,0.34,2.90,0.35,0.25,31.10,0.07,0.16,0.67,0.02,0.56,0.28,0.50,0.03,90.50,2.14,0.36,0.01,7.85,0.30,1.89,0.44,0.03,0.63,47.03,0.56,7.64,0.75,0.15,9.12,0.00,10.51,0.26,4.29,22.82,0.05,1.00,0.56,1.07,6.73,16.36,3.39,99.04,14.88,8.54,0.87,104.71,3.11,0.10,1.07,0.57,34.27,441.85,0.12,0.00,0.08,0.15,0.03,0.01,71.62,0.94,10.68,0.05,0.06,11.07,12.05,4.19,0.05,0.16,98.68,73.03,1.59,0.04,0.02,0.04,0.56,0.29,16.27,11.85,11.24,46.09,0.67,42.58,,0.32,0.03,4.49,4.24,49.53,9.26,0.02,0.00,0.25,106.40,19.11,154.52,0.66,1481.39,1.24,28.02,0.02,36.27,7.83,0.01,2.83,0.58,4.10,3760.94,2472.32,3420.90,2812.36,992.56,210.66,1948.70,28.97,1753.87,301.26,1706.16,92.08,191.54,169.23,0.00,6402.49,,
1996,0.37,0.55,26.42,0.12,2.84,0.02,0.07,36.78,0.71,0.20,85.12,18.39,8.53,0.50,4.25,5.87,0.22,16.85,35.34,0.08,0.32,0.14,0.08,0.02,1.16,0.75,78.96,0.03,1.29,15.97,0.19,0.07,0.41,138.51,0.06,0.06,0.12,12.99,956.12,16.31,0.02,0.37,0.01,1.28,2.00,4.73,6.37,1.18,1.70,36.85,18.09,0.63,20.43,0.08,0.02,4.50,6.56,25.54,1.20,0.04,0.25,5.20,0.76,0.16,0.05,0.22,17.48,109.55,0.16,0.12,1.30,0.06,1.11,261.65,1.49,24.32,0.16,0.04,0.51,1.79,0.34,0.05,0.45,0.28,1.06,7.89,17.20,0.69,225.22,68.71,18.91,10.23,75.41,14.17,121.19,2.64,341.83,3.77,44.42,2.50,0.01,,13.62,1.55,0.20,2.51,3.48,0.47,0.12,12.15,0.06,4.30,2.51,0.38,3.19,0.37,0.25,30.96,0.08,0.18,0.70,0.02,0.56,0.29,0.53,0.03,94.37,2.17,0.42,0.01,8.06,0.30,1.97,0.47,0.03,0.64,49.52,0.60,8.00,0.78,0.18,10.04,0.00,11.35,0.28,4.06,25.53,0.05,1.21,0.60,1.01,6.61,16.72,3.44,103.05,14.14,8.64,0.98,114.92,3.19,0.10,1.10,0.63,35.19,432.91,0.13,0.00,0.08,0.14,0.03,0.01,70.49,1.00,12.51,0.06,0.08,13.10,12.02,4.37,0.05,0.16,99.24,69.61,1.90,0.04,0.02,0.04,0.57,0.22,17.34,12.04,11.55,48.25,0.77,47.66,,0.35,0.02,5.67,4.53,54.47,8.35,0.02,0.00,0.28,95.91,19.86,160.14,0.69,1532.87,1.48,28.81,0.02,33.39,9.34,0.01,2.87,0.50,4.07,3832.49,2578.11,3531.83,2878.77,1015.47,213.79,2034.53,30.69,1766.71,305.86,1765.93,94.37,198.72,183.12,0.00,6593.72,,
1997,0.36,0.42,23.75,0.13,2.01,0.02,0.07,37.57,0.89,0.21,87.41,18.36,8.13,0.44,4.72,6.31,0.24,16.81,33.84,0.11,0.33,0.14,0.10,0.02,2.28,0.76,83.77,0.03,1.35,15.24,0.22,0.07,0.40,142.42,0.06,0.06,0.12,15.13,958.02,17.60,0.02,0.52,0.01,1.34,1.91,5.07,6.77,1.23,1.72,35.71,17.38,0.51,17.87,0.09,0.02,4.71,4.97,29.34,1.48,0.08,0.22,5.10,0.81,0.16,0.05,0.21,17.11,107.52,0.15,0.12,1.30,0.06,1.21,254.06,1.69,25.60,0.17,0.05,0.51,2.05,0.35,0.06,0.49,0.37,1.09,8.32,16.82,0.71,234.43,75.71,18.58,10.59,72.88,14.97,122.75,2.75,339.83,3.84,42.08,2.22,0.01,,14.92,1.52,0.22,2.37,4.12,0.48,0.12,12.42,0.06,4.15,2.33,0.41,2.89,0.44,0.26,33.32,0.09,0.20,0.70,0.02,0.55,0.29,0.55,0.03,100.61,2.08,0.46,0.01,8.18,0.32,2.03,0.48,0.03,0.72,47.62,0.50,8.54,0.85,0.18,11.19,0.00,11.39,0.24,4.16,25.60,0.05,1.26,0.70,1.13,7.45,19.12,2.96,100.31,14.93,10.04,0.86,121.45,1.99,0.12,1.35,0.71,32.20,404.37,0.13,0.00,0.08,0.15,0.03,0.01,58.90,0.87,13.45,0.08,0.06,15.49,12.03,4.51,0.06,0.15,105.08,73.03,2.05,0.04,0.01,0.04,0.57,0.31,15.95,11.75,12.38,52.01,0.59,49.72,,0.24,0.03,5.61,4.57,57.87,8.34,0.02,0.00,0.29,92.86,19.95,153.58,0.77,1553.46,1.50,29.10,0.02,36.43,12.15,0.01,3.09,0.64,3.80,3801.43,2638.76,3555.16,2885.04,997.47,221.78,2071.21,32.25,1710.78,300.67,1796.67,97.11,209.72,192.60,0.00,6632.80,,
1998,0.35,0.48,29.10,0.13,1.98,0.02,0.07,38.06,0.93,0.22,91.18,18.26,8.64,0.54,5.01,6.33,0.30,16.40,35.54,0.10,0.30,0.14,0.10,0.00,2.88,0.91,86.62,0.03,1.41,14.51,0.23,0.07,0.51,144.56,0.07,0.06,0.13,15.50,917.15,17.78,0.03,0.10,0.01,1.43,1.80,5.19,6.63,0.07,1.80,34.23,16.03,0.45,16.71,0.11,0.02,4.85,6.09,33.15,1.56,0.07,0.16,4.62,0.86,0.17,0.06,0.20,16.20,112.89,0.18,0.12,1.35,0.07,1.35,251.86,1.70,26.92,0.16,0.05,0.62,2.36,0.37,0.05,0.50,0.34,1.31,10.62,16.69,0.72,239.34,57.99,19.68,11.11,83.38,15.29,126.08,2.65,328.94,3.89,40.62,2.70,0.01,,14.07,1.61,0.22,2.27,4.45,0.49,0.13,12.50,0.06,4.38,2.09,0.43,3.43,0.47,0.25,31.18,0.08,0.26,0.69,0.03,0.49,0.29,0.59,0.03,105.99,2.08,0.48,0.01,8.43,0.30,2.19,0.50,0.03,0.61,47.89,0.49,8.15,0.93,0.19,10.30,0.00,11.43,0.40,4.45,26.40,0.05,1.61,0.78,1.20,7.54,18.63,2.98,92.62,16.17,8.66,0.86,103.18,1.76,0.11,1.17,0.73,28.49,399.71,0.13,0.00,0.09,0.01,0.04,0.01,56.56,0.91,14.16,0.08,0.07,12.94,11.96,4.38,0.06,0.14,102.90,75.38,2.11,0.04,0.02,0.04,0.57,0.32,16.07,12.18,13.58,54.63,0.68,44.15,,0.35,0.02,5.39,4.86,57.88,8.74,0.02,0.00,0.33,89.68,22.02,155.17,0.68,1565.81,1.54,32.34,0.02,45.53,12.77,0.01,3.29,0.62,3.86,3800.10,2604.14,3553.64,2850.59,995.00,228.67,1986.08,31.95,1703.84,312.60,1816.54,100.48,224.08,204.18,0.00,6608.42,,
1999,0.30,0.82,25.02,0.14,2.49,0.02,0.08,40.20,0.83,0.22,93.75,17.92,7.80,0.56,4.91,6.84,0.32,15.82,34.03,0.10,0.40,0.14,0.10,0.01,2.82,0.86,89.32,0.03,1.04,12.66,0.25,0.07,0.52,148.49,0.08,0.06,0.13,16.62,969.66,14.95,0.03,0.10,0.01,1.48,1.62,5.47,6.68,0.51,1.88,31.81,17.51,0.36,16.01,0.11,0.02,4.86,5.83,33.98,1.53,0.11,0.17,4.35,0.84,0.17,0.05,0.21,16.07,112.50,0.14,0.14,1.31,0.08,1.18,244.36,1.74,26.73,0.16,0.05,0.60,2.40,0.39,0.05,0.50,0.35,1.28,11.61,16.83,0.77,259.54,65.55,19.56,11.58,103.58,14.94,127.30,2.72,338.93,3.89,33.77,2.74,0.01,,14.69,1.27,0.23,2.11,4.48,0.50,0.11,12.30,0.06,3.68,2.22,0.41,3.18,0.50,0.25,29.56,0.12,0.27,0.71,0.02,0.53,0.30,0.66,0.04,106.58,2.04,0.33,0.01,8.73,0.32,2.44,0.45,0.03,0.87,46.38,0.56,8.59,0.98,0.19,10.80,0.00,11.64,0.37,5.61,27.13,0.05,1.53,0.67,1.19,7.96,18.61,2.86,89.94,18.26,8.39,0.82,112.05,1.28,0.12,1.27,0.81,24.11,407.52,0.14,0.00,0.09,0.06,0.04,0.01,61.68,0.98,9.77,0.08,0.05,13.43,11.75,4.21,0.06,0.13,102.26,81.80,2.32,0.04,0.02,0.05,0.58,0.34,15.29,12.13,14.13,56.71,0.69,46.47,,0.51,0.03,6.13,4.95,56.73,10.26,0.03,0.00,0.34,81.38,21.16,153.29,0.67,1585.79,1.82,33.23,0.02,47.10,12.80,0.01,3.75,0.49,4.29,3819.70,2719.46,3589.63,2949.52,979.95,226.64,2086.47,33.41,1681.07,337.88,1841.04,103.57,229.07,210.95,0.00,6750.11,,
2000,0.29,0.83,22.44,0.14,2.60,0.02,0.08,38.85,0.95,0.65,95.42,18.05,8.05,0.55,5.13,7.24,0.31,14.99,34.59,0.11,0.40,0.14,0.10,0.02,3.74,1.03,92.84,0.03,1.25,12.41,0.28,0.07,0.54,154.66,0.08,0.06,0.13,15.86,994.67,15.35,0.03,0.13,0.01,1.47,1.76,5.37,7.03,1.35,1.94,34.70,18.88,0.24,14.82,0.10,0.03,5.18,5.61,38.31,1.55,0.17,0.16,4.23,0.95,0.19,0.05,0.22,15.56,111.03,0.14,0.16,1.27,0.08,1.23,245.46,1.67,28.10,0.18,0.05,0.59,2.67,0.41,0.04,0.48,0.45,1.37,10.99,15.93,0.80,266.95,75.48,19.57,12.35,100.75,16.24,128.41,2.81,345.14,4.15,40.25,2.84,0.01,,14.57,1.26,0.26,1.93,4.22,0.51,0.11,12.97,0.06,3.24,2.38,0.45,3.27,0.51,0.24,34.44,0.12,0.29,0.68,0.03,0.54,0.30,0.73,0.04,108.10,2.03,0.42,0.01,9.06,0.36,2.78,0.44,0.02,0.83,46.69,0.61,8.80,1.02,0.19,21.51,0.00,11.50,0.45,5.88,28.77,0.06,1.56,0.73,0.98,8.22,19.75,2.31,86.71,17.93,9.28,0.91,120.08,0.98,0.13,1.38,0.88,25.29,403.43,0.14,0.00,0.10,0.16,0.04,0.01,80.89,1.06,12.27,0.09,0.09,13.21,11.23,4.11,0.06,0.13,103.18,85.06,2.77,0.05,0.02,0.04,0.60,0.33,14.98,11.91,13.78,61.95,0.61,47.28,,0.36,0.03,6.60,5.37,62.73,10.23,0.03,0.00,0.37,77.87,30.51,155.30,0.70,1642.02,1.44,33.02,0.02,41.45,14.36,0.01,3.96,0.49,3.77,3887.49,2845.60,3680.90,3052.20,983.20,241.92,2166.93,36.59,1680.89,372.11,1904.98,105.55,224.13,213.85,0.00,6946.95,,
2001,0.29,0.88,22.87,0.14,2.64,0.03,0.08,36.57,0.96,0.66,97.47,19.15,7.86,0.53,3.84,8.47,0.32,14.74,34.41,0.12,0.46,0.14,0.10,0.02,3.62,1.05,94.48,0.04,1.20,13.37,0.27,0.06,0.61,152.50,0.10,0.07,0.14,14.34,1016.30,15.27,0.03,0.17,0.01,1.55,2.02,5.67,6.88,1.38,1.91,34.67,19.56,0.21,15.26,0.10,0.03,5.23,6.26,33.92,1.60,0.81,0.17,4.34,1.16,0.21,0.05,0.27,17.06,112.34,0.15,0.19,1.30,0.08,1.02,250.04,1.84,28.76,0.17,0.05,0.62,2.79,0.43,0.04,0.48,0.40,1.55,10.32,16.37,0.78,270.67,82.79,23.08,12.99,107.74,17.20,128.43,2.89,341.15,4.26,38.84,2.52,0.01,,15.69,1.05,0.29,2.05,4.48,0.51,0.12,13.23,0.06,3.45,2.51,0.46,3.26,0.47,0.22,36.57,0.13,0.32,0.72,0.03,0.55,0.32,0.78,0.05,112.09,2.13,0.46,0.01,10.05,0.42,2.41,0.55,0.02,0.88,48.09,0.51,9.38,1.07,0.18,23.67,0.00,11.88,0.37,5.49,29.24,0.06,1.90,0.88,1.01,7.36,19.19,2.23,85.66,17.80,11.25,0.91,124.35,1.03,0.14,1.59,0.91,26.79,413.40,0.14,0.00,0.10,0.16,0.04,0.01,80.95,1.16,13.46,0.09,0.12,13.43,11.80,4.45,0.06,0.14,101.36,85.60,2.82,0.05,0.02,0.05,0.64,0.30,15.24,12.30,13.14,62.75,0.62,50.85,,0.32,0.02,7.25,5.61,58.27,8.78,0.03,0.00,0.39,82.85,27.45,157.74,0.83,1613.53,1.37,33.46,0.02,46.94,16.28,0.01,4.37,0.51,3.41,3889.33,2903.57,3667.95,3124.95,998.90,241.26,2206.71,38.07,1715.71,377.57,1878.31,108.16,227.11,212.57,0.00,7005.47,,
2002,0.37,1.02,24.40,0.15,3.44,0.03,0.09,33.95,0.84,0.67,98.67,19.64,8.09,0.56,4.33,8.73,0.33,14.70,34.62,0.12,0.58,0.15,0.11,0.02,3.87,1.09,94.91,0.04,1.16,12.60,0.27,0.06,0.60,153.94,0.10,0.07,0.14,14.87,1122.40,15.13,0.03,0.13,0.01,1.70,1.90,5.97,6.97,1.33,1.96,33.83,18.73,0.23,15.16,0.11,0.03,5.72,6.76,34.33,1.66,2.12,0.16,4.20,1.21,0.20,0.04,0.23,17.75,111.30,0.14,0.19,1.24,0.08,0.91,245.48,1.97,28.66,0.16,0.06,0.65,2.93,0.44,0.04,0.47,0.49,1.62,10.78,16.10,0.81,278.98,84.83,23.56,12.58,108.52,16.18,130.46,2.78,349.17,4.48,43.66,2.13,0.01,,15.82,1.34,0.32,2.05,4.43,0.52,0.12,13.15,0.06,3.47,2.72,0.41,2.97,0.34,0.23,36.88,0.16,0.33,0.73,0.03,0.56,0.34,0.79,0.05,112.44,2.24,0.48,0.01,10.18,0.42,2.53,0.49,0.02,0.71,47.92,0.65,9.43,1.09,0.19,25.74,0.00,11.62,0.32,6.89,30.81,0.06,1.59,0.95,1.05,7.37,19.15,2.26,83.68,19.01,11.11,0.91,129.93,1.11,0.18,2.02,0.92,26.84,410.90,0.14,0.00,0.10,0.16,0.04,0.02,88.89,1.21,14.25,0.10,0.14,12.85,11.45,4.52,0.07,0.16,97.24,91.08,2.99,0.05,0.02,0.05,0.43,0.30,15.50,11.86,10.49,64.86,0.51,53.80,0.04,0.36,0.03,7.80,5.61,60.36,7.59,0.04,0.00,0.39,80.70,22.84,152.91,0.95,1624.64,1.24,34.80,0.02,52.61,18.70,0.01,4.25,0.54,3.25,3901.33,3053.86,3692.52,3262.67,999.29,243.60,2350.95,39.37,1706.90,382.48,1891.20,109.51,231.18,217.59,0.00,7172.77,,
2003,0.43,1.17,24.85,0.15,2.45,0.03,0.10,36.74,0.94,0.70,100.79,21.14,8.36,0.57,4.58,9.13,0.34,15.03,35.00,0.12,0.65,0.15,0.10,0.02,3.92,1.04,94.06,0.04,1.22,13.79,0.29,0.04,0.65,158.65,0.11,0.06,0.20,14.97,1317.53,15.58,0.04,0.22,0.01,1.80,1.40,6.34,7.08,1.33,2.07,34.79,19.14,0.28,16.55,0.12,0.03,5.83,7.30,39.97,1.76,2.17,0.19,4.72,1.33,0.20,0.04,0.27,19.83,112.59,0.18,0.20,1.26,0.08,1.02,245.80,2.03,29.77,0.18,0.06,0.65,2.85,0.46,0.05,0.51,0.46,1.82,11.79,16.85,0.81,288.95,92.92,24.78,12.47,112.90,17.03,135.36,2.91,351.44,4.63,48.53,1.80,0.01,,16.27,1.47,0.33,2.11,5.06,0.53,0.13,13.50,0.06,3.46,2.85,0.42,3.06,0.46,0.25,42.72,0.14,0.34,0.81,0.03,0.60,0.35,0.84,0.05,119.48,2.16,0.52,0.01,9.98,0.51,2.71,0.51,0.02,0.77,48.86,0.74,9.89,1.18,0.21,27.29,0.00,12.00,0.35,8.74,32.07,0.06,1.66,1.08,1.10,7.15,19.16,2.72,87.23,17.61,11.27,1.01,132.43,1.20,0.21,2.26,0.86,28.07,419.02,0.14,0.00,0.10,0.16,0.04,0.02,89.11,1.34,15.24,0.09,0.15,13.49,11.54,4.44,0.07,0.16,110.29,92.26,2.99,0.05,0.02,0.05,0.42,0.27,15.66,12.19,14.62,67.80,0.57,56.15,0.04,0.49,0.03,8.80,5.71,64.60,10.25,0.04,0.00,0.41,83.79,28.83,156.01,1.01,1641.87,1.24,34.37,0.02,52.25,20.76,0.01,4.66,0.57,2.90,3965.63,3354.13,3757.50,3562.27,1021.98,263.96,2594.03,41.31,1746.36,407.44,1920.19,112.24,234.23,227.07,0.00,7546.83,,
2004,0.34,1.14,23.98,0.15,5.10,0.03,0.10,42.86,1.01,0.71,104.48,21.20,8.75,0.56,4.88,9.81,0.35,15.90,35.15,0.11,0.71,0.16,0.08,0.02,4.22,1.06,98.64,0.04,1.33,13.53,0.30,0.05,0.67,158.19,0.11,0.06,0.20,16.11,1425.70,14.89,0.04,0.23,0.02,1.87,2.00,6.25,6.88,1.39,2.13,35.00,19.57,0.31,15.04,0.11,0.04,4.73,7.86,40.71,1.71,2.72,0.21,4.73,1.41,0.20,0.04,0.35,18.82,112.93,0.17,0.20,1.27,0.09,1.17,241.99,1.95,29.88,0.17,0.06,0.70,3.05,0.48,0.06,0.53,0.45,1.96,11.35,16.41,0.85,306.91,93.99,31.01,12.60,120.67,16.02,136.89,2.89,350.18,5.10,51.12,2.03,0.01,,17.22,1.59,0.35,2.11,4.70,0.54,0.15,13.82,0.06,3.63,3.23,0.47,3.03,0.49,0.25,46.70,0.18,0.38,0.77,0.03,0.63,0.38,0.84,0.06,119.78,2.32,0.56,0.01,11.52,0.51,3.42,0.54,0.02,0.70,49.37,0.69,9.78,1.19,0.22,26.93,0.00,12.09,0.60,7.53,35.38,0.06,1.56,1.22,1.11,8.65,19.86,2.73,88.55,18.39,11.66,1.05,134.11,1.26,0.26,2.86,0.90,27.87,420.78,0.14,0.00,0.11,0.17,0.05,0.02,107.69,1.43,16.42,0.10,0.14,12.79,11.68,4.56,0.08,0.16,122.55,96.84,3.32,0.06,0.02,0.06,0.42,0.27,15.47,12.35,13.75,70.38,0.70,60.16,0.05,0.48,0.03,8.89,5.98,66.78,12.68,0.04,0.00,0.44,84.68,30.51,156.50,1.16,1669.75,1.52,34.15,0.02,41.28,23.95,0.01,5.09,0.57,2.57,4001.80,3567.06,3795.68,3773.18,1025.00,282.92,2746.44,40.54,1755.20,443.21,1947.90,115.85,236.79,246.83,0.00,7815.69,,
2005,0.52,1.16,29.06,0.16,5.19,0.04,0.10,44.06,1.19,0.74,105.39,21.58,9.36,0.52,5.41,10.28,0.36,16.19,34.29,0.12,0.68,0.16,0.10,0.02,4.38,1.12,99.45,0.05,1.33,13.82,0.31,0.04,0.76,156.84,0.12,0.06,0.21,16.63,1603.86,16.39,0.04,0.27,0.02,1.83,2.05,6.37,6.67,1.38,2.17,34.30,20.47,0.39,14.07,0.11,0.04,4.90,8.18,45.04,1.72,2.19,0.21,4.67,1.35,0.20,0.03,0.28,15.57,113.58,0.16,0.21,1.33,0.09,1.37,236.44,1.86,31.08,0.18,0.06,0.65,3.30,0.50,0.06,0.44,0.47,1.87,11.94,16.45,0.81,323.40,95.25,30.78,13.14,126.41,15.43,137.08,2.84,352.24,5.58,54.70,2.28,0.02,,19.42,1.51,0.36,2.13,4.54,0.55,0.18,15.55,0.06,3.85,3.30,0.50,3.05,0.47,0.25,49.49,0.16,0.40,0.72,0.03,0.67,0.39,0.90,0.06,126.64,2.32,0.48,0.01,12.19,0.48,3.14,0.63,0.02,0.82,48.29,0.77,10.21,1.17,0.19,28.86,0.00,11.83,0.75,8.04,36.76,0.06,1.90,1.20,1.03,10.08,20.00,3.05,88.27,19.03,13.83,0.98,136.10,1.35,0.25,2.74,1.01,27.36,425.51,0.14,0.00,0.11,0.16,0.05,0.02,108.04,1.51,14.09,0.10,0.12,11.01,11.68,4.62,0.08,0.16,113.52,101.00,3.26,0.05,0.02,0.06,0.43,0.28,14.76,12.49,13.61,72.72,0.67,62.04,0.05,0.47,0.03,10.36,6.08,72.26,12.40,0.05,0.00,0.55,85.44,31.24,155.66,1.46,1675.11,1.56,31.82,0.02,44.71,25.84,0.01,5.40,0.61,2.92,4008.33,3816.98,3810.83,4014.48,1019.62,288.58,2958.94,42.38,1752.49,460.75,1958.78,117.22,246.18,257.28,0.00,8082.59,,
2006,0.59,1.07,27.35,0.15,6.03,0.04,0.11,47.66,1.20,0.74,107.09,20.96,10.67,0.51,5.30,11.38,0.37,16.85,33.81,0.12,0.91,0.18,0.10,0.02,4.75,1.13,100.67,0.05,1.29,14.16,0.37,0.05,0.82,155.14,0.13,0.06,0.22,17.45,1770.96,16.92,0.05,0.31,0.02,1.91,1.86,6.43,6.74,1.44,2.23,34.54,20.79,0.42,16.24,0.11,0.04,5.22,7.94,48.04,1.83,1.94,0.15,4.49,1.45,0.19,0.03,0.31,18.66,110.93,0.14,0.21,1.13,0.10,1.66,239.61,2.50,30.68,0.18,0.06,0.64,3.32,0.52,0.06,0.41,0.48,2.10,11.44,16.28,0.86,343.52,94.62,26.74,12.99,137.46,16.96,135.60,3.16,345.97,5.60,60.06,2.55,0.02,,20.03,1.48,0.48,2.27,4.04,0.56,0.18,14.53,0.06,3.94,3.25,0.44,2.96,0.46,0.25,48.80,0.21,0.42,0.73,0.03,0.65,0.39,0.99,0.07,130.07,2.53,0.56,0.01,12.62,0.52,3.49,0.64,0.01,0.67,46.97,0.74,10.19,1.21,0.19,26.69,0.00,11.99,0.62,10.66,39.18,0.06,2.05,1.18,1.07,7.76,18.16,3.16,92.06,17.72,17.25,1.02,137.41,1.37,0.27,3.00,1.07,28.16,441.66,0.14,0.00,0.11,0.17,0.05,0.02,117.71,1.21,16.60,0.11,0.16,12.68,11.61,4.69,0.08,0.16,121.88,98.56,3.22,0.06,0.02,0.06,0.47,0.28,14.71,12.38,14.42,75.37,0.72,63.08,0.10,0.41,0.04,11.58,6.17,77.04,12.79,0.06,0.00,0.65,90.78,33.23,154.98,1.60,1653.16,1.80,32.62,0.01,43.71,26.92,0.01,5.75,0.61,2.83,4003.59,4074.50,3795.06,4283.03,1022.29,297.53,3156.60,45.02,1779.50,492.80,1938.57,118.90,249.17,271.56,0.00,8349.65,,
2007,0.76,1.08,29.59,0.15,6.82,0.04,0.11,47.56,1.39,0.77,109.07,20.23,8.31,0.51,7.31,11.64,0.37,16.44,32.88,0.13,1.07,0.20,0.10,0.02,4.77,1.15,106.60,0.05,2.27,15.21,0.43,0.06,0.95,161.99,0.14,0.06,0.23,19.29,1904.64,16.42,0.03,0.33,0.02,2.17,1.78,6.79,6.62,1.62,2.32,35.04,17.32,0.46,14.93,0.13,0.05,5.46,9.19,50.74,1.87,1.52,0.15,5.45,1.59,0.19,0.04,0.30,18.22,108.26,0.16,0.21,1.12,0.10,1.74,232.32,2.63,31.26,0.18,0.07,0.68,3.31,0.54,0.06,0.49,0.48,2.24,11.89,15.98,0.95,370.35,105.96,16.69,13.01,139.92,17.14,133.89,2.93,355.72,5.85,61.72,2.60,0.02,,20.44,1.78,0.50,2.36,3.75,0.57,0.17,13.64,0.05,4.32,3.09,0.37,2.56,0.47,0.26,49.80,0.21,0.49,0.75,0.03,0.59,0.45,1.01,0.07,130.95,3.26,0.56,0.01,13.35,0.60,3.49,0.62,0.01,0.70,46.91,0.80,9.94,1.24,0.20,25.73,0.00,12.46,0.63,12.00,42.41,0.07,2.01,1.67,1.10,9.46,19.31,3.46,91.90,17.04,17.17,1.56,142.39,1.36,0.32,3.52,1.12,29.45,441.75,0.15,0.00,0.12,0.19,0.05,0.02,105.49,1.33,16.25,0.11,0.13,12.88,11.18,4.73,0.08,0.17,126.88,100.71,3.32,0.06,0.02,0.06,0.48,0.28,14.51,11.84,17.94,76.36,0.88,64.61,0.11,0.41,0.03,12.35,6.46,85.58,12.76,0.07,0.00,0.74,91.80,36.37,152.72,1.56,1674.48,1.62,32.72,0.03,40.92,27.39,0.01,5.65,0.63,2.68,4032.42,4279.37,3836.04,4475.75,1012.72,309.03,3351.71,46.41,1767.65,491.93,1967.61,120.69,256.76,287.23,0.00,8599.01,,
2008,1.16,1.20,29.76,0.15,6.96,0.04,0.11,51.34,1.52,0.73,110.33,20.06,9.68,0.52,8.10,12.36,0.44,17.15,32.80,0.12,1.07,0.18,0.11,0.02,5.45,1.23,112.62,0.05,2.45,14.76,0.47,0.06,1.06,157.36,0.13,0.05,0.27,19.32,2046.08,18.19,0.03,0.36,0.02,2.18,1.80,6.44,7.67,1.56,2.38,33.55,19.19,0.49,13.99,0.14,0.05,5.55,8.07,53.16,1.75,1.67,0.11,4.88,1.75,0.17,0.03,0.23,16.00,106.65,0.16,0.22,1.14,0.10,1.45,233.22,2.44,30.32,0.18,0.07,0.67,2.97,0.55,0.06,0.47,0.48,2.33,11.68,15.62,1.04,398.89,99.97,25.06,12.93,145.92,18.55,130.70,2.94,336.38,5.65,61.99,2.70,0.02,2.02,22.46,2.06,0.58,2.24,4.75,0.58,0.14,14.63,0.06,4.15,3.05,0.31,2.54,0.49,0.30,55.13,0.23,0.53,0.75,0.04,0.59,0.48,1.03,0.08,134.55,3.25,0.71,0.01,14.02,0.59,2.66,0.74,0.01,0.91,47.72,0.78,10.24,1.19,0.22,25.87,0.00,12.23,0.56,12.58,42.01,0.06,2.00,1.31,1.17,11.14,21.10,3.71,90.20,16.40,17.54,1.48,145.37,1.42,0.34,3.72,1.17,28.89,449.50,0.14,0.00,0.12,0.19,0.04,0.02,118.00,1.29,14.13,0.11,0.14,16.37,11.29,4.99,0.08,0.16,135.10,92.03,3.27,0.06,0.02,0.06,0.53,0.28,13.94,12.20,18.25,72.76,0.79,63.64,0.10,0.42,0.03,12.03,6.64,84.75,15.47,0.07,0.00,0.76,88.85,42.02,148.73,1.61,1615.41,2.24,33.68,0.03,46.04,30.93,0.01,6.01,0.70,2.11,3929.11,4538.22,3736.77,4730.55,989.93,322.37,3515.89,46.75,1747.45,530.21,1907.52,122.15,274.99,289.73,0.00,8757.05,,
2009,1.74,1.20,32.80,0.14,7.52,0.04,0.12,48.84,1.19,0.72,111.10,18.37,8.69,0.53,7.67,13.41,0.44,16.53,29.40,0.14,1.15,0.13,0.10,0.02,5.61,1.05,106.38,0.05,2.11,12.50,0.50,0.05,1.24,148.46,0.14,0.04,0.30,17.99,2152.44,19.80,0.04,0.47,0.02,2.11,1.51,5.95,7.75,1.59,2.31,31.39,14.59,0.46,13.33,0.13,0.04,5.40,8.87,55.45,1.72,1.47,0.14,3.94,1.76,0.16,0.04,0.20,15.26,101.27,0.21,0.22,1.16,0.10,1.67,215.58,2.05,28.47,0.16,0.07,0.65,3.12,0.58,0.06,0.52,0.52,2.19,11.35,14.05,1.02,439.80,109.70,28.10,11.51,152.57,17.43,115.91,2.17,317.52,5.82,60.33,3.27,0.02,2.22,23.73,1.84,0.73,2.03,5.72,0.61,0.13,14.50,0.06,3.56,2.90,0.52,2.35,0.47,0.30,54.78,0.24,0.52,0.69,0.04,0.63,0.54,1.01,0.08,129.89,3.56,0.46,0.01,13.88,0.67,2.77,0.75,0.01,1.13,46.27,0.80,9.45,1.21,0.26,20.44,0.00,11.80,0.57,11.87,42.42,0.05,2.31,1.39,1.24,14.01,20.88,3.89,86.48,15.61,18.72,1.80,146.78,1.24,0.35,3.87,1.19,23.75,420.12,0.15,0.00,0.12,0.19,0.05,0.03,127.14,1.43,12.53,0.12,0.14,11.77,10.27,4.42,0.09,0.16,131.11,81.26,3.53,0.06,0.02,0.08,0.54,0.29,12.94,11.88,16.80,68.92,0.67,67.38,0.11,0.75,0.04,12.07,6.64,86.33,13.69,0.08,0.00,0.82,75.68,45.17,134.85,1.58,1496.45,2.17,28.93,0.03,46.28,33.69,0.01,6.62,0.80,2.25,3644.82,4692.29,3499.59,4837.52,909.44,319.81,3641.62,46.28,1607.27,554.27,1774.97,122.15,270.74,277.53,0.00,8614.64,,
2010,2.28,1.31,32.15,0.14,7.88,0.04,0.12,50.96,1.16,0.68,110.56,19.65,8.36,0.52,7.94,14.74,0.40,17.04,31.27,0.15,1.28,0.17,0.13,0.02,5.77,1.24,120.16,0.05,2.20,13.06,0.56,0.08,1.39,151.90,0.15,0.05,0.32,19.46,2351.71,20.82,0.04,0.54,0.02,2.04,1.66,5.74,9.33,1.10,2.21,32.06,13.67,0.54,13.43,0.14,0.05,5.61,9.50,54.81,1.72,1.85,0.14,5.19,1.73,0.17,0.03,0.30,17.49,102.80,0.19,0.25,1.31,0.12,1.69,227.22,2.65,26.57,0.19,0.07,0.68,3.03,0.68,0.07,0.52,0.58,2.18,10.93,14.21,0.99,457.56,123.24,30.04,11.41,155.51,18.64,119.03,2.10,331.62,5.63,67.41,3.21,0.02,2.29,24.36,1.72,0.82,2.33,5.46,0.62,0.21,16.55,0.05,3.81,3.06,0.34,2.32,0.51,0.28,58.93,0.26,0.57,0.71,0.04,0.63,0.56,1.07,0.08,126.58,3.76,0.66,0.02,14.84,0.72,3.57,0.78,0.01,1.32,49.54,0.97,9.50,1.22,0.32,30.65,0.00,12.47,0.56,13.73,42.01,0.06,2.48,1.27,1.37,15.60,22.64,4.23,91.41,14.47,19.63,1.82,162.21,1.32,0.36,3.93,1.23,23.10,443.83,0.16,0.00,0.13,0.13,0.05,0.03,141.30,1.87,12.47,0.12,0.15,15.03,10.48,4.49,0.09,0.17,126.31,77.59,3.56,0.06,0.02,0.06,0.65,0.27,14.54,12.29,16.57,73.73,0.69,71.45,0.12,0.71,0.03,12.82,7.40,86.25,15.59,0.08,0.00,0.97,80.27,49.30,139.71,1.89,1550.60,1.72,28.43,0.03,50.24,37.82,0.01,6.32,0.85,2.39,3777.73,5033.28,3618.69,5192.33,936.85,331.53,3933.35,48.27,1669.96,581.22,1829.28,121.97,295.43,294.97,0.00,9105.99,,
2011,3.23,1.45,32.70,0.13,8.28,0.04,0.12,51.93,1.36,0.68,110.22,19.08,9.00,0.58,7.77,15.44,0.41,16.73,28.66,0.15,1.22,0.12,0.18,0.02,6.49,1.10,126.25,0.06,2.61,14.51,0.58,0.10,1.44,154.76,0.17,0.05,0.35,21.31,2600.59,20.76,0.04,0.61,0.02,2.00,1.73,5.64,8.03,1.40,2.13,31.44,9.88,0.67,12.08,0.13,0.04,5.82,10.21,58.14,1.77,2.57,0.15,5.18,2.02,0.16,0.03,0.28,15.46,96.78,0.19,0.24,1.35,0.12,2.13,220.77,3.06,25.79,0.20,0.07,0.68,3.07,0.71,0.07,0.54,0.62,2.42,11.78,13.70,0.95,485.39,137.77,36.92,10.39,157.57,18.72,115.79,2.25,345.26,5.80,64.69,3.53,0.02,2.27,23.54,2.06,0.87,2.13,5.53,0.84,0.23,13.43,0.05,3.90,3.03,0.40,2.51,0.65,0.31,59.22,0.27,0.62,0.70,0.04,0.63,0.59,1.07,0.08,132.14,5.83,0.66,0.01,14.97,0.85,4.10,0.76,0.01,1.42,45.92,0.97,9.35,1.31,0.36,35.36,0.00,12.22,0.61,15.04,42.21,0.06,2.72,1.43,1.42,13.35,22.86,4.66,91.25,14.14,21.74,1.78,170.15,1.35,0.35,3.83,1.22,25.04,458.32,0.18,0.00,0.13,0.17,0.05,0.03,135.82,2.13,13.36,0.11,0.19,8.52,10.37,4.46,0.09,0.17,127.12,77.82,4.06,0.06,0.02,0.06,0.67,0.28,13.48,11.19,15.77,75.40,0.64,70.68,0.11,0.68,0.03,12.74,6.97,93.30,16.97,0.08,0.00,1.04,84.05,52.67,128.20,2.12,1513.82,2.09,30.92,0.04,48.02,41.27,0.01,5.51,0.92,2.83,3735.20,5374.54,3577.18,5532.55,909.64,341.51,4250.14,48.26,1649.72,596.32,1800.94,121.45,301.40,302.66,0.00,9412.39,,
2012,2.74,1.32,37.03,0.13,6.97,0.04,0.13,52.21,1.57,0.37,110.85,18.36,8.94,0.63,7.40,16.57,0.40,17.07,27.94,0.12,1.20,0.10,0.21,0.02,6.04,1.39,136.00,0.06,2.59,13.19,0.71,0.10,1.52,155.08,0.14,0.05,0.35,21.73,2669.02,21.90,0.04,1.37,0.02,1.98,2.33,5.21,8.14,1.59,1.98,30.37,10.25,0.64,10.88,0.13,0.05,5.80,10.21,58.33,1.77,1.88,0.17,4.86,2.21,0.16,0.03,0.26,13.96,97.41,0.19,0.24,1.54,0.12,2.25,222.08,3.93,24.94,0.16,0.07,0.68,3.16,0.66,0.07,0.54,0.62,2.52,11.67,12.76,0.95,535.64,140.82,41.94,10.43,160.58,20.41,110.18,2.16,356.49,6.50,66.57,3.27,0.01,2.15,27.77,2.73,0.93,2.05,6.09,0.84,0.26,15.09,0.05,3.92,2.97,0.35,2.38,0.75,0.31,58.21,0.30,0.67,0.74,0.04,0.62,0.67,1.08,0.08,136.89,9.55,0.60,0.01,15.54,0.83,3.23,0.92,0.01,1.49,44.95,0.99,9.81,1.24,0.51,29.77,0.00,12.09,0.60,17.12,42.27,0.06,2.67,1.38,1.41,12.42,24.19,4.85,89.17,13.64,25.61,2.08,171.38,1.30,0.36,4.15,1.21,24.63,462.49,0.20,0.00,0.13,0.19,0.05,0.03,154.70,2.01,11.94,0.12,0.23,13.19,9.80,4.30,0.10,0.17,125.26,76.25,4.31,0.06,0.02,0.06,0.60,0.32,12.81,11.53,13.05,74.44,0.80,75.57,0.16,0.60,0.03,12.60,7.41,97.13,18.87,0.08,0.00,0.99,82.96,54.96,133.04,2.47,1458.91,2.34,32.44,0.03,47.96,39.40,0.01,5.56,1.14,3.07,3681.32,5573.96,3534.36,5720.92,889.78,343.76,4402.06,48.07,1636.01,639.41,1751.06,122.55,312.36,298.83,0.00,9554.11,,
2013,2.52,1.44,38.42,0.13,6.75,0.03,0.13,51.73,1.51,0.24,108.59,18.49,9.16,0.74,8.50,16.87,0.39,17.50,28.02,0.12,1.25,0.15,0.23,0.02,5.95,1.55,145.31,0.06,2.08,11.65,0.78,0.11,1.54,156.28,0.14,0.03,0.41,22.31,2717.33,24.05,0.05,1.61,0.02,2.08,2.64,5.03,7.68,1.50,1.80,29.12,7.37,0.97,11.40,0.15,0.05,5.80,10.82,57.70,1.66,2.24,0.17,5.38,2.67,0.18,0.04,0.28,14.11,97.88,0.19,0.24,1.62,0.12,2.19,226.86,3.91,22.30,0.15,0.08,0.66,3.50,0.58,0.07,0.52,0.74,2.56,12.09,11.90,0.95,556.06,133.48,44.99,10.18,163.20,17.22,100.90,2.32,359.05,6.50,68.63,3.52,0.01,2.19,22.85,2.64,1.16,2.01,6.05,0.64,0.24,11.86,0.05,3.65,2.82,0.33,2.12,0.88,0.32,66.09,0.30,0.75,0.65,0.04,0.61,0.59,1.11,0.08,135.23,11.87,0.59,0.01,15.45,0.98,3.47,0.70,0.01,1.70,44.94,1.05,9.62,1.26,0.57,31.76,0.00,12.17,0.67,17.81,41.35,0.06,2.87,1.48,1.41,11.74,26.21,5.18,88.06,13.15,22.92,2.14,173.19,1.34,0.39,4.64,1.19,21.54,445.61,0.21,0.00,0.13,0.20,0.05,0.03,148.63,2.14,12.16,0.11,0.28,13.89,9.71,4.13,0.10,0.17,125.17,69.08,4.01,0.06,0.02,0.06,0.78,0.38,12.38,11.79,9.28,74.73,0.79,79.25,0.15,0.45,0.03,12.51,7.53,94.75,19.27,0.08,0.00,1.02,81.13,56.16,130.35,2.70,1495.89,2.04,30.64,0.03,54.16,41.35,0.01,7.41,1.21,3.19,3676.15,5660.13,3548.18,5788.10,867.12,346.31,4483.99,48.28,1592.76,626.93,1787.57,120.20,330.24,303.24,0.00,9639.52,,
2014,2.50,1.64,41.29,0.13,6.86,0.04,0.13,51.42,1.53,0.24,107.52,17.51,9.37,0.66,8.43,18.02,0.36,17.37,26.44,0.13,1.31,0.18,0.26,0.02,5.27,1.87,152.27,0.06,2.41,12.35,0.79,0.10,1.87,155.52,0.13,0.03,0.51,21.18,2728.88,26.71,0.04,1.49,0.02,2.11,2.70,4.83,7.54,1.75,1.90,28.45,8.34,1.26,10.26,0.11,0.05,5.95,11.94,61.93,1.68,2.09,0.17,5.15,3.28,0.16,0.04,0.32,12.99,89.28,0.19,0.23,1.74,0.14,2.44,216.23,4.09,21.46,0.14,0.06,0.66,3.77,0.59,0.07,0.54,0.74,2.59,12.42,11.94,0.94,596.98,133.16,45.55,10.06,172.67,16.45,95.36,2.10,345.09,7.07,81.23,3.79,0.02,1.95,20.64,2.76,1.21,1.96,6.55,0.68,0.32,16.54,0.04,3.58,2.68,0.41,2.04,0.86,0.28,66.96,0.36,0.85,0.65,0.04,0.61,0.70,1.15,0.08,132.13,8.09,0.58,0.01,15.60,2.16,4.33,1.00,0.01,2.07,43.03,1.33,9.67,1.30,0.61,33.57,0.00,12.29,0.77,17.98,42.72,0.06,2.96,1.80,1.49,13.48,27.70,5.64,84.69,13.09,24.99,2.39,171.77,1.30,0.42,4.79,1.19,21.41,445.32,0.23,0.00,0.13,0.20,0.06,0.03,167.26,2.38,10.16,0.13,0.30,14.26,9.19,3.70,0.09,0.17,128.78,69.72,4.83,0.06,0.02,0.07,0.79,0.21,11.87,10.71,8.44,75.41,1.26,78.05,0.16,0.42,0.03,12.80,7.82,99.31,19.59,0.08,0.00,1.12,70.28,55.05,119.76,2.70,1508.97,1.82,29.31,0.04,48.02,50.17,0.01,7.23,1.33,3.26,3613.33,5791.71,3494.39,5910.65,829.75,368.47,4547.70,49.04,1529.68,658.40,1796.78,119.49,335.48,304.98,0.00,9710.03,,
2015,2.67,1.29,43.69,0.13,6.97,0.04,0.13,52.33,1.49,0.25,109.66,18.11,9.47,0.58,8.86,19.97,0.36,16.05,27.58,0.18,1.45,0.15,0.26,0.03,5.04,1.48,144.47,0.06,1.89,13.17,1.01,0.11,2.28,156.74,0.13,0.05,0.46,22.31,2692.93,26.06,0.05,1.55,0.02,2.02,2.61,4.86,8.04,1.89,1.90,28.66,6.72,0.76,9.61,0.12,0.05,6.41,11.27,61.27,1.82,1.92,0.17,4.33,3.47,0.17,0.04,0.34,12.04,90.50,0.19,0.23,1.77,0.16,2.66,217.13,4.37,20.45,0.14,0.07,0.67,4.35,0.67,0.08,0.55,0.73,2.82,11.57,12.73,0.96,619.75,147.15,45.91,10.57,172.37,17.18,98.57,2.18,333.95,6.98,82.23,4.45,0.02,2.28,25.23,2.81,2.52,1.98,7.02,0.61,0.33,14.89,0.04,3.64,2.55,0.55,1.92,0.88,0.29,64.33,0.36,0.89,0.45,0.04,0.62,0.82,1.15,0.08,130.87,6.35,0.61,0.02,15.96,1.72,5.97,1.05,0.02,1.88,44.80,1.29,9.77,1.48,0.60,29.81,0.00,12.44,0.82,18.39,45.42,0.06,2.94,1.77,1.65,13.44,30.69,5.80,85.55,14.27,24.93,2.69,173.08,1.31,0.52,5.78,1.20,21.29,444.79,0.26,0.00,0.13,0.20,0.06,0.03,185.28,2.69,11.95,0.14,0.29,15.41,9.41,3.73,0.08,0.17,121.79,74.28,5.41,0.06,0.02,0.06,0.66,0.24,11.94,10.57,7.80,75.28,1.45,78.99,0.15,0.51,0.03,12.43,8.26,104.89,20.11,0.09,0.00,1.24,61.09,59.05,115.30,2.90,1467.41,1.84,28.30,0.04,45.27,59.42,0.01,3.84,1.38,3.34,3564.46,5824.23,3461.94,5926.75,844.08,361.28,4555.27,50.87,1530.00,688.56,1755.18,121.70,325.83,316.16,0.00,9704.85,,
2016,2.47,1.26,43.33,0.13,7.43,0.04,0.13,51.83,1.42,0.24,112.24,18.34,9.48,0.54,8.61,20.80,0.36,15.87,27.18,0.17,1.77,0.17,0.31,0.03,5.93,1.73,134.48,0.06,2.08,12.41,1.07,0.13,2.98,152.98,0.15,0.05,0.55,22.99,2665.11,26.95,0.06,1.59,0.02,2.18,3.27,4.94,7.71,1.58,2.01,29.11,7.53,0.55,10.11,0.10,0.05,6.73,10.97,65.33,1.80,2.06,0.18,4.79,3.92,0.17,0.04,0.32,12.88,91.28,0.20,0.24,1.78,0.16,2.75,218.43,4.25,19.48,0.14,0.07,0.69,4.62,0.75,0.08,0.64,0.81,2.65,11.84,12.86,0.95,650.60,150.83,52.95,11.02,172.99,16.69,97.76,2.23,328.57,6.62,83.20,4.75,0.02,2.42,27.81,2.63,4.49,1.97,7.22,0.60,0.37,14.10,0.04,3.64,2.48,0.49,1.91,0.89,0.33,68.79,0.39,0.91,0.37,0.04,0.63,0.72,1.19,0.08,130.95,6.99,0.55,0.01,15.95,2.23,5.77,1.11,0.01,2.66,45.00,1.45,9.32,1.48,0.59,31.92,0.00,12.22,0.88,17.92,53.44,0.06,2.85,1.86,1.95,14.41,33.45,6.19,88.53,13.77,23.89,2.71,174.10,1.34,0.47,5.47,1.23,21.02,443.44,0.29,0.00,0.13,0.20,0.07,0.03,175.45,2.73,12.29,0.15,0.31,9.73,9.53,3.95,0.08,0.17,124.72,71.30,6.28,0.07,0.02,0.07,0.64,0.29,11.85,10.69,7.92,76.34,1.76,78.74,0.16,0.63,0.03,10.89,8.16,110.62,20.05,0.09,0.00,1.31,63.87,57.95,109.01,2.97,1433.34,1.78,30.06,0.04,41.59,61.71,0.01,2.98,1.60,2.87,3520.30,5855.63,3424.32,5951.61,846.00,372.12,4579.88,49.29,1528.09,690.51,1717.43,123.99,314.63,319.54,0.00,9695.47,,
2017,2.69,1.52,45.42,0.13,6.63,0.04,0.13,51.01,1.51,0.24,113.09,18.99,9.45,0.57,8.96,22.03,0.33,16.17,27.05,0.17,1.86,0.17,0.34,0.03,6.05,1.93,135.76,0.05,2.54,12.98,1.23,0.14,3.41,155.99,0.16,0.06,0.54,22.95,2732.29,21.75,0.07,1.56,0.02,2.24,3.28,5.12,6.88,1.25,2.05,29.41,14.12,0.68,9.49,0.11,0.04,6.55,10.94,70.99,1.63,2.15,0.19,5.12,4.24,0.19,0.04,0.36,12.17,92.10,0.19,0.24,1.72,0.16,2.78,214.41,3.81,20.43,0.15,0.08,0.68,4.73,0.88,0.08,0.63,0.85,2.79,11.58,13.51,0.98,664.54,154.82,57.78,10.67,187.06,16.06,96.27,2.13,324.33,6.94,87.55,4.64,0.02,2.21,26.18,2.55,5.37,1.97,7.60,0.69,0.34,14.58,0.04,3.70,2.53,0.53,2.05,1.12,0.37,67.74,0.41,0.97,0.42,0.04,0.62,0.93,1.24,0.08,127.08,9.32,0.57,0.01,16.78,1.90,6.45,1.15,0.02,3.18,44.35,1.46,9.74,1.49,0.61,30.78,0.00,12.07,0.89,18.73,59.00,0.06,3.06,1.77,2.20,14.66,36.89,6.41,92.18,15.07,27.34,2.62,178.64,1.42,0.40,6.12,1.22,21.85,451.46,0.32,0.00,0.14,0.19,0.07,0.04,175.67,2.94,12.43,0.16,0.29,10.14,9.86,3.99,0.08,0.17,119.92,75.07,6.29,0.07,0.02,0.06,0.58,0.27,11.66,10.42,8.90,77.73,2.14,79.99,0.17,0.59,0.04,11.00,8.32,117.42,20.02,0.10,0.00,1.47,60.89,58.45,105.72,3.11,1422.20,1.68,29.73,0.04,38.31,63.60,0.01,2.89,1.87,2.62,3516.88,5999.01,3421.02,6094.87,852.41,376.50,4695.64,48.32,1536.74,720.88,1705.44,125.30,307.07,335.84,0.00,9851.73,,
2018,2.95,1.36,47.46,0.14,6.22,0.04,0.14,49.29,1.59,0.24,113.61,18.17,9.44,0.74,8.95,22.51,0.35,16.95,27.26,0.17,2.03,0.19,0.37,0.03,6.02,2.05,130.21,0.04,2.55,11.90,1.35,0.19,3.93,159.49,0.16,0.06,0.55,23.05,2825.84,22.50,0.08,1.80,0.02,2.25,2.83,4.84,6.18,1.09,2.00,29.02,13.00,0.67,9.48,0.11,0.04,7.03,10.44,66.57,1.75,1.64,0.23,4.89,4.31,0.20,0.04,0.37,12.50,88.03,0.19,0.24,1.64,0.16,2.75,205.90,4.67,19.59,0.15,0.08,0.67,5.10,1.01,0.09,0.68,0.92,2.69,11.63,13.50,1.00,709.73,164.75,58.25,10.65,191.30,16.45,95.25,2.21,312.07,6.81,90.56,4.96,0.02,2.22,26.49,3.03,5.61,2.15,7.15,0.65,0.30,14.74,0.04,3.74,2.61,0.34,1.92,1.04,0.43,72.89,0.48,1.00,0.42,0.04,0.62,1.00,1.23,0.08,129.71,12.37,0.66,0.01,17.20,1.93,9.49,1.13,0.02,4.05,43.29,1.46,9.74,1.42,0.49,28.72,0.00,12.12,0.81,19.80,55.97,0.06,2.94,2.05,2.32,15.06,38.71,6.50,91.99,14.04,25.99,2.63,182.91,1.49,0.41,5.97,1.21,21.97,464.10,0.35,0.00,0.14,0.19,0.07,0.04,170.90,3.09,12.10,0.16,0.28,12.56,9.85,3.96,0.08,0.17,118.79,73.70,5.73,0.07,0.02,0.07,0.51,0.28,11.49,10.06,8.25,77.20,2.49,76.99,0.17,0.60,0.04,11.01,8.19,115.33,19.99,0.10,0.00,1.54,63.23,57.37,103.64,3.22,1467.43,1.79,31.79,0.05,28.02,74.84,0.01,2.86,2.02,3.22,3546.31,6157.79,3441.79,6262.31,832.20,372.93,4863.32,48.49,1529.43,716.72,1756.80,125.86,290.56,346.80,0.00,10050.90,,
2019,3.02,1.35,48.99,0.13,5.95,0.04,0.14,48.72,1.72,0.25,113.63,18.54,10.30,0.69,10.32,25.02,0.32,16.93,27.14,0.19,1.95,0.16,0.39,0.03,5.68,1.85,129.67,0.05,2.86,11.53,1.45,0.20,4.92,159.58,0.17,0.06,0.52,25.10,2931.49,26.32,0.09,2.00,0.02,2.20,2.88,4.87,6.23,0.54,2.00,27.57,14.40,0.71,8.45,0.11,0.05,7.74,10.99,69.91,2.03,1.27,0.23,3.38,4.99,0.20,0.04,0.37,11.57,86.35,0.20,0.24,1.57,0.16,2.98,193.00,5.11,17.95,0.15,0.09,0.69,5.39,1.21,0.09,0.75,0.83,3.07,11.44,13.44,0.97,716.83,179.98,51.08,10.19,191.86,16.01,92.59,2.14,301.86,7.19,81.21,5.23,0.02,2.32,28.48,2.46,5.35,2.09,7.21,0.65,0.30,18.90,0.04,3.80,2.66,0.33,2.18,1.17,0.43,73.46,0.53,1.05,0.45,0.04,0.63,1.03,1.23,0.08,128.87,12.90,0.68,0.01,18.72,1.95,9.45,1.12,0.02,3.66,41.77,1.40,10.13,1.42,0.67,34.74,0.00,11.68,0.89,19.70,56.24,0.06,3.66,2.15,2.25,15.74,39.64,6.34,86.92,13.00,27.61,2.59,176.34,1.50,0.45,5.99,1.24,21.02,461.89,0.49,0.00,0.14,0.19,0.07,0.04,179.17,3.48,12.10,0.16,0.33,8.17,9.22,3.83,0.08,0.17,127.44,68.73,6.06,0.07,0.02,0.06,0.73,0.31,11.19,10.03,7.50,74.65,2.68,79.21,0.19,0.60,0.04,11.13,8.11,109.64,20.40,0.10,0.00,1.64,60.60,56.90,99.55,3.56,1435.36,1.77,32.42,0.04,24.32,93.07,0.01,3.46,2.11,3.03,3456.10,6323.65,3346.21,6433.54,793.24,400.51,4987.79,50.27,1481.07,717.01,1723.98,126.22,292.90,341.04,0.00,10120.79,,
2020,3.19,1.29,47.08,0.12,5.53,0.04,0.12,46.20,1.76,0.21,109.15,16.93,10.24,0.59,10.26,24.79,0.28,15.99,24.66,0.17,1.98,0.14,0.41,0.03,5.71,1.71,120.72,0.04,2.88,10.09,1.47,0.18,5.10,145.98,0.17,0.06,0.49,22.88,2990.23,23.34,0.08,2.06,0.02,1.93,2.99,4.60,5.39,0.46,1.98,25.07,15.10,0.68,7.72,0.10,0.04,7.20,9.40,64.36,1.77,1.36,0.21,2.55,4.65,0.19,0.04,0.39,10.26,76.43,0.18,0.25,1.55,0.17,2.92,174.50,5.36,15.18,0.14,0.08,0.63,4.80,1.24,0.09,0.87,0.71,2.69,8.60,12.91,0.91,667.31,166.43,47.35,9.59,199.23,15.01,82.50,1.90,284.45,6.81,75.98,4.99,0.02,2.33,27.23,2.32,5.59,1.91,6.68,0.60,0.31,15.98,0.04,3.73,2.21,0.35,1.81,1.09,0.40,70.82,0.56,1.07,0.44,0.04,0.57,1.05,1.15,0.07,106.91,13.54,0.67,0.01,17.66,1.82,9.85,1.08,0.02,3.81,37.62,1.47,9.40,1.24,0.68,35.53,0.00,11.24,0.82,19.79,57.42,0.06,3.18,2.27,2.19,12.96,37.03,5.75,82.84,11.41,25.34,2.46,163.11,1.43,0.41,5.47,1.12,20.23,443.29,0.45,0.00,0.12,0.16,0.08,0.03,180.46,3.48,12.16,0.15,0.33,8.16,8.49,3.51,0.08,0.16,118.95,58.23,5.92,0.06,0.02,0.05,0.71,0.29,9.97,9.35,7.14,72.13,2.57,75.70,0.20,0.61,0.05,9.76,7.53,112.84,19.66,0.08,0.00,1.50,56.48,54.34,89.05,3.36,1287.03,1.72,32.27,0.05,20.87,89.77,0.01,3.31,1.99,2.90,3159.50,6208.83,3039.88,6328.46,715.56,378.24,4932.42,44.44,1367.62,716.62,1540.07,121.14,267.79,256.14,0.00,9624.48,,
2021,3.24,1.26,48.11,0.12,5.83,0.04,0.13,50.89,1.86,0.23,106.77,17.64,10.51,0.65,10.65,25.43,0.31,16.27,26.13,0.19,2.12,0.15,0.42,0.03,3.70,1.77,133.43,0.04,2.86,11.62,1.56,0.19,5.19,148.92,0.18,0.06,0.53,23.32,3131.11,25.03,0.08,2.04,0.02,2.13,3.20,4.83,6.02,0.50,2.07,26.51,15.39,0.71,8.07,0.10,0.04,7.89,11.28,68.13,1.97,1.43,0.22,2.85,4.86,0.19,0.04,0.40,10.26,83.51,0.18,0.26,1.56,0.18,3.00,184.16,5.82,15.37,0.14,0.09,0.63,5.55,1.32,0.10,0.84,0.78,2.97,8.64,13.22,0.92,739.54,169.02,50.65,10.25,204.39,14.88,89.71,2.10,291.32,6.99,75.51,5.42,0.02,1.54,28.97,2.54,5.67,1.98,6.81,0.62,0.33,20.34,0.04,3.79,2.28,0.35,1.87,1.16,0.42,69.88,0.58,1.14,0.47,0.04,0.57,1.12,1.22,0.07,111.14,13.73,0.48,0.01,19.26,1.95,9.91,1.10,0.02,3.87,38.49,1.50,9.22,1.38,0.74,37.39,0.00,11.17,0.84,22.10,62.64,0.07,3.56,2.32,2.34,15.36,39.37,6.37,89.68,11.13,26.11,2.54,168.14,1.53,0.43,5.74,1.12,21.65,479.13,0.48,0.00,0.13,0.18,0.08,0.04,183.51,3.71,8.42,0.16,0.35,8.87,9.64,3.43,0.09,0.17,118.98,63.77,5.67,0.06,0.02,0.06,0.76,0.30,9.78,9.53,7.37,77.20,2.82,76.01,0.20,0.64,0.05,9.86,8.62,121.78,22.65,0.09,0.00,1.58,55.09,55.70,94.64,3.56,1366.63,1.84,33.20,0.05,21.76,88.98,0.01,3.41,2.10,3.08,3333.13,6520.06,3194.26,6658.94,762.29,395.96,5177.65,48.35,1448.21,744.16,1626.84,118.64,293.39,278.86,0.00,10132.06,,
