Country,Country_,Year,Total,Total_RE,Percentage,Hydropower_Gwh,Hydropower_Percentage_Of_Total,Hydropower_Percentage_Of_RE,Windpower_Gwh,Windpower_Percentage_Of_Total,Windpower_Percentage_Of_RE,Biomass_Gwh,Biomass_Percentage_Of_Total,Biomass_Percentage_Of_RE,Solar_Power_Gwh,Solar_Power_Percentage_Of_Total,Solar_Power_Percentage_Of_RE,Geothermal_Gwh,Geothermal_Percentage_Of_Total,Geothermal_Percentage_Of_RE
Afghanistan,¬†Afghanistan_,2016,,1071,,1035,,0.967,0.1,,0,,,0,35.5,,0.033,,,
Albania,¬†Albania_,2016,7784,7784,1,7782,1,1,,0,0,,0,0,2,0,0,,,
Algeria,¬†Algeria_,2016,70997,430.5,0.006,72,0.001,0.167,19.4,0,0.045,,0,0,339.1,0.005,0.788,,,
Angola,¬†Angola_,2016,10361,7282,0.703,7109,0.686,0.976,,0,0,155,0.015,0.021,18.3,0.002,0.003,,,
Anguilla,¬†Anguilla,2016,,2.4,,,,0,,,0,,,0,2.4,,1,,,
Antigua and Barbuda,¬†Antigua and Barbuda,2016,,5.5,,,,0,,,0,,,0,5.5,,1,,,
Argentina,¬†Argentina_,2021,142616,41175,0.2887,25291,0.1773,0.6142,12938,0.0907,0.3142,750,0.0053,0.0182,2196,0.0154,0.0533,,,
Armenia,¬†Armenia_,2016,7315,2354,0.322,2351.2,0.321,0.999,1.8,0,0.001,,0,0,1.2,0,0.001,,,
Aruba,¬†Aruba,2016,,148.5,,,,0,130.3,,0.877,8.9,,0.06,9.2,,0.062,,,
Australia,¬†Australia_,2021,229782,74679,0.325,16128,0.07,0.216,26804,0.117,0.359,3187,0.014,0.043,28561,0.124,0.383,,,
Austria,¬†Austria_,2016,68351,50772,0.743,42919,0.628,0.845,5235,0.077,0.103,4603,0.067,0.091,1096,0.016,0.022,,,
Azerbaijan,¬†Azerbaijan_,2016,24953,2192,0.088,1959,0.079,0.894,22.8,0.001,0.01,174.5,0.007,0.08,35.3,0.001,0.016,,,
Bahamas,¬†Bahamas,2016,,1.9,,,,0,,,0,,,0,1.9,,1,,,
Bahrain,¬†Bahrain,2016,28510,9.5,0,,0,0,1.2,0,0.126,,0,0,8.3,0,0.874,,,
Bangladesh,¬†Bangladesh_,2016,64327,1183,0.018,946,0.015,0.8,5.1,0,0.004,7.7,0,0.007,224.3,0.003,0.19,,,
Barbados,¬†Barbados,2016,,29.6,,,,0,0.1,,0.003,,,0,29.5,,0.997,,,
Belarus,¬†Belarus_,2016,33566,392,0.012,141.9,0.004,0.362,74.8,0.002,0.191,147.2,0.004,0.376,28.1,0.001,0.072,,,
Belgium,¬†Belgium_,2016,85520,14168,0.166,1489,0.017,0.105,5436,0.064,0.384,5276,0.062,0.372,3086,0.036,0.218,,,
Belize,¬†Belize_,2016,,383.1,,260.5,,0.68,,,0,117.4,,0.306,5.3,,0.014,,,
Benin,¬†Benin,2016,355,11.2,0.032,1,0.003,0.089,,0,0,,0,0,10.2,0.029,0.911,,,
Netherlands,¬†Netherlands_,2016,,38.2,,,,0,35.1,,0.919,,,0,3.1,,0.081,,,
Bhutan,¬†Bhutan_,2016,,7962,,7959,,1,1.8,,0,,,0,0.7,,0,,,
Bolivia,¬†Bolivia_,2016,9409,1937,0.206,1720,0.183,0.888,34.9,0.004,0.018,176.2,0.019,0.091,5.7,0.001,0.003,,,
Bosnia and Herzegovina,¬†Bosnia and Herzegovina,2016,17767,5591,0.315,5587,0.314,0.999,0.8,0,0,36.1,0.002,0.006,13.4,0.001,0.002,,,
Botswana,¬†Botswana_,2016,2688,4.3,0.002,,0,0,,0,0,,0,0,4.3,0.002,1,,,
British Virgin Islands,¬†British Virgin Islands,2016,,1.6,,,,0,1.3,,0.813,,,0,0.3,,0.188,,,
Brazil,¬†Brazil_,2016,578889,465579,0.804,380911,0.658,0.818,33489,0.058,0.072,51040,0.088,0.11,138.8,0,0,,,
Brunei,¬†Brunei_,2016,4270,1.1,0,,0,0,,0,0,,0,0,1.1,0,1,,,
Bulgaria,¬†Bulgaria,2016,45277,7106,0.157,4568,0.101,0.643,1425,0.031,0.201,353,0.008,0.05,1386,0.031,0.195,,,
Burkina Faso,¬†Burkina Faso_,2016,,157.1,,139.5,,0.888,,,0,2.3,,0.015,15.3,,0.097,,,
Burundi,¬†Burundi_,2016,,284,,271.9,,0.957,,,0,6.6,,0.023,5.4,,0.019,,,
Cape Verde,¬†Cape Verde,2016,,74.7,,,,0,69.1,,0.925,,,0,5.6,,0.075,,,
Cambodia,¬†Cambodia_,2016,5594,2641,0.472,2568,0.459,0.972,0.3,0,0,48.3,0.009,0.018,24.7,0.004,0.009,,,
Cameroon,¬†Cameroon_,2016,8367,4385,0.524,4372.7,0.523,0.997,,0,0,,0,0,12.4,0.001,0.003,,,
Canada,¬†Canada_,2016,667438,433597,0.65,387208,0.58,0.893,30766,0.046,0.071,12685,0.019,0.029,3031,0.005,0.007,,,
Central African Republic,¬†Central African Republic,2016,,171.7,,171.3,,0.998,,,0,,,0,0.4,,0.002,,,
Chad,¬†Chad,2016,,9.2,,,,0,8.9,,0.967,,,0,0.3,,0.033,,,
Chile,¬†Chile_,2016,79308,34319,0.433,23274,0.293,0.678,2449,0.031,0.071,5957,0.075,0.174,2639,0.033,0.077,,,
China,¬†China_,2019,7142200,1739400,0.2435,1153400,0.161,0.663,357700,0.05,0.205,111100,0.016,0.064,117200,0.016,0.067,143.5,0,0
Colombia,¬†Colombia_,2016,76904,48339,0.629,46788,0.608,0.968,50.9,0.001,0.001,1420,0.018,0.029,80.2,0.001,0.002,,,
Comoros,¬†Comoros,2016,,5,,5,,1,,,0,,,0,,,0,,,
DR Congo,¬†DR Congo_,2016,9135,9224,1,9221,1,1,,0,0,,0,0,3.2,0,0,,,
Congo,¬†Congo_,2016,1753,1164,0.664,1163.7,0.664,0.999,,0,0,,0,0,0.6,0,0.001,,,
Cook Islands,¬†Cook Islands_,2016,,4.3,,,,0,,,0,,,0,4.3,,1,,,
Costa Rica,¬†Costa Rica_,2016,10881,10630,0.977,8026,0.738,0.755,1147,0.105,0.108,84.1,0.008,0.008,32.8,0.003,0.003,1340,0.123,0.126
Ivory Coast,¬†Ivory Coast_,2016,10253,1534,0.15,1529,0.149,0.997,,0,0,,0,0,5.1,0,0.003,,,
Croatia,¬†Croatia_,2016,12820,8364,0.652,7058,0.551,0.844,1014,0.079,0.121,431,0.034,0.052,66,0.005,0.008,,,
Cuba,¬†Cuba_,2016,20458,914.5,0.045,64.2,0.003,0.07,20.9,0.001,0.023,686.3,0.034,0.75,143,0.007,0.156,,,
Cura√ßao,¬†Cura√ßao,2016,884,229.1,0.259,,0,0,200,0.226,0.873,,0,0,29.1,0.033,0.127,,,
Cyprus,¬†Cyprus_,2016,4887,424,0.087,,0,0,226,0.046,0.533,52,0.011,0.123,146,0.03,0.344,,,
Czech Republic,¬†Czech Republic_,2016,83301,9384,0.113,3202,0.038,0.341,497,0.006,0.053,4756,0.057,0.507,2131,0.026,0.227,,,
Denmark,¬†Denmark_,2016,30522,18451,0.605,19,0.001,0.001,12771,0.418,0.692,4917,0.161,0.266,744,0.024,0.04,,,
Djibouti,¬†Djibouti_,2016,,0.5,,,,0,,,0,,,0,0.5,,1,,,
Dominica,¬†Dominica,2016,,37.3,,36.4,,0.976,0.6,,0.016,,,0,0.4,,0.011,,,
Dominican Republic,¬†Dominican Republic_,2016,19414,2021,0.104,1519,0.078,0.752,322.8,0.017,0.16,104.6,0.005,0.052,74.6,0.004,0.037,,,
Ecuador,¬†Ecuador,2016,27314,16445,0.602,15833.8,0.58,0.963,84,0.003,0.005,489.5,0.018,0.03,38.2,0.001,0.002,,,
Egypt,¬†Egypt_,2016,194327,16023,0.082,13545,0.07,0.845,2058,0.011,0.128,315.2,0.002,0.02,104.6,0.001,0.007,,,
El Salvador,¬†El Salvador_,2016,5984,3633,0.607,1342.6,0.224,0.37,,0,0,634.6,0.106,0.175,79.8,0.013,0.022,1576,0.263,0.434
Equatorial Guinea,¬†Equatorial Guinea_,2016,,127,,127,,1,,,0,,,0,,,0,,,
Eritrea,¬†Eritrea_,2016,421,3.3,0.008,,0,0,2,0.005,0.606,,0,0,1.3,0.003,0.394,,,
Estonia,¬†Estonia_,2016,12176,1524,0.125,35,0.003,0.023,594,0.049,0.39,885,0.073,0.581,10.1,0.001,0.007,,,
Eswatini,¬†Eswatini,2016,,463.7,,126.7,,0.273,,,0,335.7,,0.724,1.3,,0.003,,,
Ethiopia,¬†Ethiopia_,2016,11226,10509,0.936,9674,0.862,0.921,786,0.07,0.075,28.2,0.003,0.003,20.8,0.002,0.002,,,
Falkland Islands,¬†Falkland Islands,2016,,9.3,,,,0,9.2,,0.989,,,0,0.1,,0.011,,,
Faroe Islands,¬†Faroe Islands,2016,,158.5,,106.3,,0.671,52.1,,0.329,,,0,,,0,,,
Fiji,¬†Fiji,2016,,571.7,,499.2,,0.873,3.6,,0.006,63.6,,0.111,5.3,,0.009,,,
Finland,¬†Finland_,2016,68752,30407,0.442,15799,0.23,0.52,3068,0.045,0.101,11523,0.168,0.379,17,0,0.001,,,
French Guiana,¬†French Guiana,2016,,509,,443,,0.87,,,0,12,,0.024,54,,0.106,,,
French Polynesia,¬†French Polynesia,2016,,224.2,,187,,0.834,0.3,,0.001,,,0,36.9,,0.165,,,
France,¬†France_,2016,556184,97242,0.175,64889,0.117,0.667,21400,0.038,0.22,7134,0.013,0.073,8160,0.015,0.084,4,0,0
Gabon,¬†Gabon_,2016,2336,1598,0.684,1596,0.683,0.999,,0,0,,0,0,1.9,0.001,0.001,,,
Gambia,¬†Gambia,2016,,3.6,,,,0,0.1,,0.028,,,0,3.5,,0.972,,,
Georgia,¬†Georgia,2016,11574,9338,0.807,9329,0.806,0.999,9,0.001,0.001,,0,0,,0,0,,,
Germany,¬†Germany_,2019,514860,237610,0.462,19430,0.038,0.082,127230,0.247,0.535,44420,0.086,0.187,46540,0.09,0.196,,,
Ghana,¬†Ghana_,2016,13023,5593,0.429,5561,0.427,0.994,,0,0,0.3,0,0,31,0.002,0.006,,,
Greece,¬†Greece_,2016,54438,14893,0.274,5565,0.102,0.374,5146,0.095,0.346,274,0.005,0.018,3930,0.072,0.264,,,
Greenland,¬†Greenland_,2016,,400.9,,400.9,,1,,,0,,,0,,,0,,,
Grenada,¬†Grenada,2016,,2.3,,,,0,,,0,,,0,2.3,,1,,,
Guadeloupe,¬†Guadeloupe,2016,,315.1,,34.1,,0.108,53.3,,0.169,49.8,,0.158,93.8,,0.298,84.1,,0.267
Guam,¬†Guam,2016,,66.8,,,,0,0.4,,0.006,,,0,66.3,,0.993,,,
Guatemala,¬†Guatemala,2016,12450,6435,0.517,3951,0.317,0.614,215.1,0.017,0.033,1778,0.143,0.276,201.3,0.016,0.031,289.1,0.023,0.045
Guinea,¬†Guinea_,2016,,397.9,,395.3,,0.993,,,0,,,0,2.6,,0.007,,,
Guinea-Bissau,¬†Guinea-Bissau,2016,,3.5,,,,0,,,0,,,0,3.5,,1,,,
Guyana,¬†Guyana_,2016,,50.3,,,,0,0.1,,0.002,40.2,,0.799,10,,0.199,,,
Haiti,¬†Haiti_,2016,1084,208.3,0.192,207,0.191,0.994,,0,0,,0,0,1.3,0.001,0.006,,,
Honduras,¬†Honduras_,2016,8783,4404,0.501,2353.6,0.268,0.534,582.9,0.066,0.132,575.7,0.066,0.131,891.7,0.102,0.202,,,
Hungary,¬†Hungary_,2016,31859,3215,0.101,259,0.008,0.081,684,0.021,0.213,2071,0.065,0.644,201,0.006,0.063,,,
Iceland,¬†Iceland_,2016,18550,18547,1,13470,0.726,0.726,9,0,0,,0,0,,0,0,5068,0.273,0.273
India,¬†India_,2019,1598417,288642,0.1806,165135,0.1033,0.5721,64639,0.04,0.223,13843,0.008,0.048,50103,0.0313,0.173,,,
Indonesia,¬†Indonesia_,2016,248613,39509,0.159,19410,0.078,0.491,5.7,0,0,9364,0.038,0.237,73.4,0,0.002,10656,0.043,0.27
Iran,¬†Iran_,2016,289094,16710,0.058,16419,0.057,0.983,264.3,0.001,0.016,21.8,0,0.001,5,0,0,,,
Iraq,¬†Iraq,2016,80030,5145,0.064,5087,0.064,0.989,,0,0,,0,0,57.3,0.001,0.011,,,
Ireland,¬†Ireland_,2016,30418,7515,0.247,973,0.032,0.129,6149,0.202,0.818,681,0.022,0.091,4,0,0.001,,,
Israel,¬†Israel_,2016,66976,1656,0.025,23.1,0,0.014,64.4,0.001,0.039,170.7,0.003,0.103,1398,0.021,0.844,,,
Italy,¬†Italy_,2016,289768,108036,0.373,44257,0.153,0.41,17689,0.061,0.164,19509,0.067,0.181,22117,0.076,0.205,6289,0.022,0.058
Jamaica,¬†Jamaica,2016,4230,345.2,0.082,118.7,0.028,0.344,190,0.045,0.55,23.5,0.006,0.068,13,0.003,0.038,,,
Japan,¬†Japan_,2016,1057976,158822,0.15,85083,0.08,0.536,9612,0.009,0.061,16847,0.016,0.106,50952,0.048,0.321,2509,0.002,0.016
Jordan,¬†Jordan_,2016,19731,959,0.049,41.6,0.002,0.043,390.7,0.02,0.407,6.5,0,0.007,520.2,0.026,0.542,,,
Kazakhstan,¬†Kazakhstan_,2016,106627,12013,0.113,11621,0.109,0.967,262,0.002,0.022,43.6,0,0.004,86.8,0.001,0.007,,,
Kenya,¬†Kenya_,2016,9752,8843,0.907,3798,0.389,0.429,57.1,0.006,0.006,193.9,0.02,0.022,37.2,0.004,0.004,4758,0.488,0.538
Kiribati,¬†Kiribati,2016,,4.8,,,,0,,,0,,,0,4.8,,1,,,
North Korea,¬†North Korea,2016,16926,12815,0.757,12800,0.756,0.999,1.1,0,0,,0,0,13.9,0.001,0.001,,,
South Korea,¬†South Korea_,2016,562603,15930,0.028,6634,0.012,0.416,1683,0.003,0.106,5781,0.01,0.363,5123,0.009,0.322,,,
Kosovo,¬†Kosovo_,2016,5981,257,0.043,245,0.041,0.953,3.3,0.001,0.013,,0,0,8.7,0.001,0.034,,,
Kuwait,¬†Kuwait,2016,70094,66.3,0.001,,0,0,17.5,0,0.264,,0,0,48.8,0.001,0.736,,,
Kyrgyzstan,¬†Kyrgyzstan_,2016,13262,11498,0.867,11498,0.867,1,,0,0,,0,0,,0,0,,,
Laos,¬†Laos_,2016,33822,17952,0.531,17946,0.531,1,,0,0,4.4,0,0,2.3,0,0,,,
Latvia,¬†Latvia_,2016,6425,3481.6,0.542,2530,0.394,0.727,128,0.02,0.037,823,0.128,0.236,0.6,0,0,,,
Lebanon,¬†Lebanon_,2016,18690,523.6,0.028,480,0.026,0.917,6,0,0.011,10,0.001,0.019,27.6,0.001,0.053,,,
Lesotho,¬†Lesotho,2016,,508.5,,507.7,,0.998,,,0,,,0,0.8,,0.002,,,
Liberia,¬†Liberia_,2016,,21,,21,,1,,,0,,,0,,,0,,,
Libya,¬†Libya_,2016,36430,7.8,0,,0,0,,0,0,,0,0,7.8,0,1,,,
Lithuania,¬†Lithuania_,2016,4226,2088,0.494,1044,0.247,0.5,1136,0.269,0.544,432,0.102,0.207,66,0.016,0.032,,,
Luxembourg,¬†Luxembourg_,2016,2196,455.7,0.208,1528,0.696,3.353,101,0.046,0.222,139.7,0.064,0.145,100,0.046,0.103,,,
Madagascar,¬†Madagascar,2016,,905.8,,886.5,,0.979,0.5,,0.001,0.6,,0.001,18.2,,0.02,,,
Malawi,¬†Malawi_,2016,,1472,,1404,,0.954,,,0,49.8,,0.034,18,,0.012,,,
Malaysia,¬†Malaysia_,2016,156660,21491,0.137,20342,0.13,0.947,,0,0,917,0.006,0.043,232.4,0.001,0.011,,,
Maldives,¬†Maldives,2016,,11.6,,,,0,1.5,,0.129,,,0,10.1,,0.871,,,
Mali,¬†Mali_,2016,,1111.6,,1102,,0.992,,,0,,,0,9.2,,0.008,,,
Malta,¬†Malta_,2016,856,133.4,0.156,,0,0,0.4,0,0.003,8,0.009,0.06,125,0.146,0.937,,,
Marshall Islands,¬†Marshall Islands,2016,,2.2,,,,0,,,0,,,0,2.2,,1,,,
Martinique,¬†Martinique,2016,,111.9,,,,0,1.3,,0.012,28.6,,0.256,82,,0.733,,,
Mauritania,¬†Mauritania,2016,,343.8,,182.9,,0.532,104.3,,0.303,,,0,56.6,,0.165,,,
Mauritius,¬†Mauritius,2016,3042,663.5,0.218,99.5,0.033,0.15,18,0.006,0.027,515.7,0.17,0.777,30.3,0.01,0.046,,,
Mayotte,¬†Mayotte,2016,,14.8,,,,0,,,0,,,0,14.8,,1,,,
Mexico,¬†Mexico_,2016,320353,48937,0.153,30698,0.096,0.627,10378,0.032,0.212,1461,0.005,0.03,252,0.001,0.005,6148,0.019,0.126
Micronesia,¬†Micronesia,2016,,1.8,,,,0,,,0,,,0,1.8,,1,,,
Moldova,¬†Moldova_,2016,5827,308.7,0.053,290,0.05,0.939,2.5,0,0.008,14.2,0.002,0.046,1.9,0,0.006,,,
Mongolia,¬†Mongolia_,2016,5667,223.1,0.039,61,0.011,0.273,153.6,0.027,0.688,,0,0,8.5,0.001,0.038,,,
Montenegro,¬†Montenegro,2016,3141,1847,0.588,1843,0.587,0.998,,0,0,,0,0,4.1,0.001,0.002,,,
Morocco,¬†Morocco_,2016,32141,4757,0.148,1662,0.052,0.349,3015,0.094,0.634,12.6,0,0.003,473.4,0.015,0.1,,,
Mozambique,¬†Mozambique,2016,18732,15683,0.837,15611,0.833,0.995,,0,0,16.8,0.001,0.001,,0,0,,,
Myanmar,¬†Myanmar_,2016,17867,9437,0.528,9400,0.526,0.996,,0,0,,0,0,36.5,0.002,0.004,,,
Namibia,¬†Namibia,2016,1421,1411,0.993,1359,0.956,0.963,0.1,0,0,0.2,0,0,51.6,0.036,0.037,,,
Nauru,¬†Nauru,2016,,0.2,,,,0,,,0,,,0,0.2,,1,,,
Nepal,¬†Nepal_,2016,4244,2777.7,0.655,2734.5,0.644,0.984,0.1,0,0,,0,0,43,0.01,0.015,,,
Netherlands,¬†Netherlands_,2016,115170,13943,0.121,100,0.001,0.007,8170,0.071,0.586,4113,0.036,0.295,1560,0.014,0.112,,,
New Caledonia,¬†New Caledonia,2016,,288.9,,231.8,,0.802,45.1,,0.156,0.6,,0.002,11.4,,0.039,,,
New Zealand,¬†New Zealand_,2016,43033,36118,0.839,25730,0.598,0.712,2303,0.054,0.064,608,0.014,0.017,52,0.001,0.001,7425,0.173,0.206
Nicaragua,¬†Nicaragua_,2016,4590,2445,0.533,426.7,0.093,0.175,729,0.159,0.298,533.2,0.116,0.218,26.8,0.006,0.011,729,0.159,0.298
Niger,¬†Niger_,2016,526,13.1,0.025,,0,0,,0,0,,0,0,13.1,0.025,1,,,
Nigeria,¬†Nigeria_,2016,30897,5750,0.186,5721,0.185,0.995,3,0,0.001,,0,0,25.8,0.001,0.004,,,
North Macedonia,¬†North Macedonia,2016,5629,2066,0.367,1897,0.337,0.918,109,0.019,0.053,36,0.006,0.017,24,0.004,0.012,,,
Norway,¬†Norway_,2016,149630,145379,0.972,144005,0.962,0.991,2116,0.014,0.015,233,0.002,0.002,23.8,0,0,,,
Oman,¬†Oman,2016,34210,3.7,0,,0,0,,0,0,,0,0,3.7,0,1,,,
Pakistan,¬†Pakistan_,2016,114003,37249,0.327,34366,0.301,0.923,786.3,0.007,0.021,1506,0.013,0.04,590.4,0.005,0.016,,,
Palau,¬†Palau,2016,,1.7,,,,0,,,0,,,0,1.7,,1,,,
Palestine,¬†Palestine,2016,,42.5,,,,0,,,0,,,0,42.5,,1,,,
Panama,¬†Panama,2016,10886,7255,0.666,6522.5,0.599,0.899,625.2,0.057,0.086,30.9,0.003,0.004,76.5,0.007,0.011,,,
Papua New Guinea,¬†Papua New Guinea_,2016,,1289,,876.6,,0.68,,,0,11,,0.009,1.3,,0.001,400,,0.31
Paraguay,¬†Paraguay,2016,63771,63902,1,63770,1,0.998,,0,0,132.1,0.002,0.002,,0,0,,,
Peru,¬†Peru_,2016,51923,26030,0.501,24171.7,0.466,0.929,1063.8,0.02,0.041,493.5,0.01,0.019,301.1,0.006,0.012,,,
Philippines,¬†Philippines_,2016,90797,22031,0.243,8833,0.097,0.401,975,0.011,0.044,777.5,0.009,0.035,1097,0.012,0.05,11070,0.122,0.502
Poland,¬†Poland_,2019,163989,25378,0.155,1958,0.012,0.077,15107,0.092,0.595,7602,0.046,0.3,711,0.004,0.028,,,
Portugal,¬†Portugal_,2016,60280,32262,0.535,16909,0.281,0.524,12474,0.207,0.387,3071,0.051,0.095,822,0.014,0.025,172,0.003,0.005
Puerto Rico,¬†Puerto Rico_,2016,,388.9,,71,,0.183,193,,0.496,7,,0.018,117.9,,0.303,,,
Qatar,¬†Qatar,2016,42307,123.2,0.003,,0,0,,0,0,114.8,0.003,0.932,8.4,0,0.068,,,
R√©union,¬†R√©union,2016,,1003.7,,464.5,,0.463,18.5,,0.018,261.2,,0.26,259.5,,0.259,,,
Romania,¬†Romania_,2016,65103,26969,0.414,18536,0.285,0.687,6590,0.101,0.244,531,0.008,0.02,1820,0.028,0.067,0.1,0,0
Russia,¬†Russia_,2016,1090973,184172,0.169,185668,0.17,0.998,6,0,0,32,0,0,79.3,0,0,414,0,0.002
Rwanda,¬†Rwanda_,2016,,342.1,,324.6,,0.949,,,0,1.9,,0.006,15.7,,0.046,,,
Samoa,¬†Samoa,2016,,50,,37.9,,0.758,1.5,,0.03,,,0,10.6,,0.212,,,
São Tomé and Príncipe,¬†S√£o Tom√© and Pr√≠ncipe,2016,,6,,5.9,,0.983,,,0,,,0,0.1,,0.017,,,
Saudi Arabia,¬†Saudi Arabia_,2016,344809,129.2,0,,0,0,,0,0,,0,0,129.2,1,1,,,
Senegal,¬†Senegal,2016,4457,461.4,0.104,359.4,0.081,0.779,,0,0,15.1,0.003,0.033,86.9,0.019,0.188,,,
Serbia,¬†Serbia_,2016,39342,10865,0.276,11520,0.293,1.06,26,0.001,0.002,35,0.001,0.003,12,0,0.001,,,
Seychelles,¬†Seychelles,2016,,9.9,,,,0,7,,0.707,,,0,2.9,,0.293,,,
Sierra Leone,¬†Sierra Leone,2016,,220.4,,219.9,,0.998,,,0,,,0,0.4,,0.002,,,
Singapore,¬†Singapore,2016,51667,824.3,0.016,,0,0,,0,0,671.7,0.013,0.815,152.6,0.003,0.185,,,
Slovakia,¬†Slovakia_,2016,27064,6629,0.245,4606,0.17,0.695,6,0,0.001,1731,0.064,0.261,533,0.02,0.08,,,
Slovenia,¬†Slovenia_,2016,16500,5057,0.306,4782,0.29,0.946,6,0,0.001,281,0.017,0.056,267,0.016,0.053,,,
Solomon Islands,¬†Solomon Islands,2016,,3.6,,0.8,,0.222,,,0,,,0,2.8,,0.778,,,
Somalia,¬†Somalia,2016,,8.6,,,,0,4.9,,0.57,,,0,3.7,,0.43,,,
South Africa,¬†South Africa_,2016,252747,8074,0.032,3892.5,0.015,0.482,3698,0.015,0.458,437.3,0.002,0.054,3341,0.013,0.414,,,
South Sudan,¬†South Sudan,2016,439,0.6,0.001,,0,0,,0,0,,0,0,0.6,0.001,1,,,
Spain,¬†Spain_,2016,274779,104639,0.381,39865,0.145,0.381,48906,0.178,0.467,5689,0.021,0.054,13649,0.05,0.13,,,
Sri Lanka,¬†Sri Lanka_,2016,14284,3950,0.277,3507,0.246,0.888,346,0.024,0.088,37.9,0.003,0.01,59.3,0.004,0.015,,,
Saint Kitts and Nevis,¬†Saint Kitts and Nevis,2016,,10.7,,,,0,7.6,,0.71,,,0,3.1,,0.29,,,
Saint Lucia,¬†Saint Lucia,2016,,1.3,,,,0,,,0,,,0,1.3,,1,,,
Saint Martin,¬†Saint Martin,2016,,2.6,,,,0,,,0,,,0,2.6,,1,,,
Saint Vincent and the Grenadines,¬†Saint Vincent and the Grenadines,2016,,26.6,,24.7,,0.929,,,0,,,0,1.9,,0.071,,,
Sudan,¬†Sudan,2016,14429,8182,0.567,8051,0.558,0.984,,0,0,110.5,0.008,0.014,20.5,0.001,0.003,,,
Suriname,¬†Suriname,2016,2022,1179,0.583,1163.5,0.575,0.987,,0,0,6.5,0.003,0.006,8.8,0.004,0.007,,,
Sweden,¬†Sweden_,2016,156010,89127,0.571,62137,0.398,0.697,15479,0.099,0.174,11487,0.074,0.129,143,0.001,0.002,,,
Switzerland,¬†Switzerland_,2016,63175,37809,0.598,36689,0.581,0.97,109,0.002,0.003,1743,0.028,0.046,1333,0.021,0.035,,,
Syria,¬†Syria,2016,18112,963.5,0.053,929,0.051,0.964,1.1,0,0.001,33.5,0.002,0.035,,0,0,,,
Taiwan,¬†Taiwan_,2016,264136,10973,0.042,9856,0.037,0.898,1457,0.006,0.133,1822.6,0.007,0.166,1132,0.004,0.103,,,
Tajikistan,¬†Tajikistan,2016,17232,16800,0.975,16800,0.975,1,,0,0,,0,0,,0,0,,,
Tanzania,¬†Tanzania_,2016,6998,2597.5,0.371,2444.1,0.349,0.941,,0,0,135.2,0.019,0.052,18.2,0.003,0.007,,,
Thailand,¬†Thailand_,2016,191321,25047,0.131,4128,0.022,0.165,345,0.002,0.014,17672.6,0.092,0.706,3377,0.018,0.135,1.3,0,0
East Timor,¬†East Timor,2016,,2.3,,1.5,,0.652,,,0,,,0,0.8,,0.348,,,
Togo,¬†Togo,2016,232,169.6,0.731,165.1,0.712,0.973,,0,0,,0,0,4.4,0.019,0.026,,,
Tokelau,¬†Tokelau,2016,,1.3,,,,0,,,0,,,0,1.3,,1,,,
Tonga,¬†Tonga_,2016,,4.5,,,,0,0,,0,,,0,4.5,,1,,,
Trinidad and Tobago,¬†Trinidad and Tobago,2016,10712,4,0,,0,0,,0,0,,0,0,4,0,1,,,
Tunisia,¬†Tunisia_,2016,19808,589,0.03,45,0.002,0.076,474,0.024,0.805,,0,0,70,0.004,0.119,,,
Turkey,¬†Turkey_,2019,302797,138096,0.456,88823,0.293,0.643,24703,0.081,0.178,4353,0.014,0.031,11265,0.037,0.081,8952,0.029,0.064
Tuvalu,¬†Tuvalu_,2016,,2.8,,,,0,,,0,,,0,2.8,,1,,,
Uganda,¬†Uganda_,2016,,3594,,3304.5,,0.919,,,0,252,,0.07,37.8,,0.011,,,
Ukraine,¬†Ukraine_,2016,164573,9285,0.056,9304,0.057,1.002,954,0.006,0.103,169.1,0.001,0.018,491,0.003,0.053,,,
United Arab Emirates,¬†United Arab Emirates,2016,129956,337.3,0.003,,0,0,,0,0,6,0,0.018,331.3,0.003,0.982,,,
United Kingdom,¬†United Kingdom_,2018,332893,110019,0.33,5490,0.016,0.05,56904,0.171,0.517,34759,0.104,0.316,12857,0.039,0.117,,,
USA,¬†United States_,2016,4322038,637076,0.147,292113,0.068,0.459,229471,0.053,0.36,69017,0.016,0.108,50334,0.012,0.079,18584,0.004,0.029
U.S. Virgin Islands,¬†U.S. Virgin Islands,2016,,29.5,,,,0,,,0,,,0,29.5,,1,,,
Uruguay,¬†Uruguay_,2016,13238,12795,0.965,7842,0.592,0.613,2994.3,0.226,0.234,2432.7,0.184,0.19,153.1,0.012,0.012,,,
Uzbekistan,¬†Uzbekistan_,2016,58319,14901,0.256,14896,0.255,1,,0,0,,0,0,4.8,0,0,,,
Vanuatu,¬†Vanuatu,2016,,29.9,,7.6,,0.254,5,,0.167,11.9,,0.398,5.4,,0.181,,,
Venezuela,¬†Venezuela,2016,112577,76099,0.676,76003.5,0.675,0.999,88.3,0.001,0.001,,0,0,6.9,0,0,,,
Vietnam,¬†Vietnam_,2016,164832,63654,0.386,63105,0.383,0.991,209.8,0.001,0.003,332,0.002,0.005,7,0,0,,,
Yemen,¬†Yemen,2016,5045,549,0.109,,0,0,,0,0,,0,0,549,0.109,1,,,
Zambia,¬†Zambia_,2016,11695,11108,0.95,11027,0.943,0.993,,0,0,76,0.006,0.007,5.2,0,0,,,
Zimbabwe,¬†Zimbabwe_,2016,7055,3658,0.519,3551,0.503,0.971,,0,0,95.3,0.014,0.026,12.2,0.002,0.003,,,
